종목코드,종목명,현재가,대비,등락률(%),매도호가,매수호가,거래량(주),거래대금(원),시가,고가,저가,액면가(원),상장주식수(주),상장시가총액(원)
068400,AJ렌터카,14300,-300.00,-2.05,14350,14300,184206,2646042200,14500,14750,14000,500,22146300,3.16692E+11
006840,AK홀딩스,76400,-2500,-3.17,76500,76400,74131,5683048900,78700,78700,75200,5000,13247561,1.01211E+12
027410,BGF리테일,147000,-500.00,-0.34,147500,147000,92606,13715071500,149500,154000,146000,1000,24640080,3.62209E+12
138930,BNK금융지주,14150,-150.00,-1.05,14200,14150,761392,10773121750,14300,14350,14050,5000,234379899,3.31648E+12
001460,BYC,394500,1500,0.38,400000,394500,266,104918500,387500,407500,387000,5000,624615,2.46411E+11
001040,CJ,253500,3000,1.20,253500,253000,54492,13709553000,249000,255000,246500,5000,29116327,7.38099E+12
079160,CJ CGV,111500,2500,2.29,112000,111500,269413,30182066000,109500,117500,106000,500,21161313,2.35949E+12
000120,CJ대한통운,174000,-4000,-2.25,174500,174000,88772,14284816000,175000,178000,170000,5000,22812344,3.96935E+12
011150,CJ씨푸드,3195,25.00,0.79,3195,3190,237836,760442165,3190,3250,3120,500,35930773,1.14799E+11
097950,CJ제일제당,404000,2500,0.62,404000,403000,51160,20537915500,401500,405000,396500,5000,13153298,5.31393E+12
037560,CJ헬로비전,12450,0.00,0.00,12500,12450,242963,3000810350,12450,12700,12100,2500,77446865,9.64213E+11
000590,CS홀딩스,84300,-2700,-3.10,84300,83100,1988,166424000,87000,87000,83000,5000,1154482,97322832600
139130,DGB금융지주,12200,0.00,0.00,12250,12200,371314,4530846250,12150,12350,12100,5000,169053154,2.06245E+12
004840,DRB동일,14350,-150.00,-1.03,14350,14300,35087,505306600,14350,14650,14200,500,18010000,2.58444E+11
155660,DSR,3585,45.00,1.27,3585,3545,10126,35848345,3540,3600,3510,500,16000000,57360000000
069730,DSR제강,3575,10.00,0.28,3575,3570,22071,78971685,3565,3605,3540,500,14400000,51480000000
017940,E1,70600,-1000,-1.40,70800,70600,2919,206534700,71500,71500,70300,5000,6860000,4.84316E+11
007700,F&F,20550,-350.00,-1.67,20650,20550,40050,834420850,20600,21300,20450,500,15400000,3.1647E+11
114090,GKL,38850,-950.00,-2.39,38950,38850,161923,6324207550,39800,40000,38500,500,61855670,2.40309E+12
078930,GS,48750,200.00,0.41,48800,48750,237616,11678951800,48550,49700,48200,5000,92915378,4.52962E+12
006360,GS건설,27400,0.00,0.00,27500,27400,430658,11839109300,27650,28050,27100,5000,71000000,1.9454E+12
001250,GS글로벌,7630,-120.00,-1.55,7630,7620,60146,461758670,7680,7840,7600,2500,22533764,1.71933E+11
007070,GS리테일,40800,800.00,2.00,41200,40800,237563,9819199000,39700,42600,39700,1000,77000000,3.1416E+12
035000,GⅡR,10550,150.00,1.44,10550,10500,73002,742600850,10700,10700,9950,1000,16567409,1.74786E+11
001500,HMC투자증권,11250,-300.00,-2.60,11250,11200,61047,691259950,11500,11550,11200,5000,29337111,3.30042E+11
011420,IB월드와이드,2400,10.00,0.42,2400,2395,308973,761187485,2490,2640,2260,500,19622424,47093817600
003560,IHQ,2555,-25.00,-0.97,2560,2555,391156,1013652800,2550,2675,2550,500,143309751,3.66156E+11
175330,JB금융지주,6680,10.00,0.15,6680,6670,408508,2716148670,6610,6690,6580,5000,126503947,8.45046E+11
001060,JW중외제약,36750,700.00,1.94,36800,36750,609406,22257027400,35650,37900,34400,2500,17850932,6.56022E+11
096760,JW홀딩스,7510,10.00,0.13,7510,7500,398494,2963449570,7700,7700,7120,500,56619991,4.25216E+11
105560,KB금융,38150,-900.00,-2.30,38200,38150,752009,28820180350,38400,38650,38150,5000,386351693,1.47393E+13
002380,KCC,461000,-22000,-4.55,461000,460500,52636,24691610500,474500,485000,460000,5000,10520000,4.84972E+12
009070,KCTC,3480,-15.00,-0.43,3480,3470,28216,97481115,3435,3545,3420,500,30000000,1.044E+11
009440,KC그린홀딩스,10700,-700.00,-6.14,10700,10650,517444,5639869900,11400,11500,10550,500,22434980,2.40054E+11
119650,KC코트렐,8830,-240.00,-2.65,8890,8830,34048,303262130,9070,9070,8800,500,10000000,88300000000
092220,KEC,1400,15.00,1.08,1405,1400,636634,893524795,1385,1415,1380,500,59047384,82666337600
109070,KGP,2265,-85.00,-3.62,2280,2265,172939,395650920,2430,2450,2200,500,37356857,84613281105
001390,KG케미칼,19850,50.00,0.25,19850,19800,73396,1463833450,19550,20350,19550,5000,11338117,2.25062E+11
001940,KISCO홀딩스,63800,1300,2.08,63800,63700,3285,210166200,62000,65500,61500,5000,3695276,2.35759E+11
083420,KPX그린케미칼,5010,0.00,0.00,5030,5010,10844,54539750,5080,5090,5000,500,20000000,1.002E+11
025000,KPX케미칼,56800,-2200,-3.73,57100,56800,3088,177144200,59500,59500,56800,5000,4840000,2.74912E+11
092230,KPX홀딩스,79000,-100.00,-0.13,79000,77500,4052,313717800,79100,81000,76800,5000,4224646,3.33747E+11
000040,KR모터스,1070,-55.00,-4.89,1075,1070,1576622,1708323595,1130,1130,1060,500,175307764,1.87579E+11
044450,KSS해운,17900,-150.00,-0.83,17950,17900,11342,202700650,18050,18050,17650,500,11592940,2.07514E+11
030200,KT,29250,50.00,0.17,29300,29250,447517,13096258800,29200,29450,29150,5000,261111808,7.63752E+12
033780,KT&G,93700,400.00,0.43,93700,93600,117376,11016304800,93500,94600,93300,5000,137292497,1.28643E+13
030210,KTB투자증권,3160,-90.00,-2.77,3170,3160,664210,2136244065,3250,3300,3160,5000,60314092,1.90593E+11
058850,KTcs,3860,-40.00,-1.03,3895,3860,182511,708266970,3895,3920,3850,500,42685000,1.64764E+11
093050,LF,31000,-650.00,-2.05,31050,31000,61983,1934882200,31700,32000,30750,5000,29240000,9.0644E+11
003550,LG,59700,-700.00,-1.16,59700,59500,224728,13392710700,59500,60500,59200,5000,172557131,1.03017E+13
034220,LG디스플레이,27200,450.00,1.68,27200,27150,1569497,42823396100,26800,27550,26750,5000,357815700,9.73259E+12
001120,LG상사,38800,-250.00,-0.64,38900,38800,122577,4760575750,38800,39500,38350,5000,38760000,1.50389E+12
068870,LG생명과학,57700,-2000,-3.35,57800,57700,176993,10343205400,58700,59900,57000,5000,16576990,9.56492E+11
051900,LG생활건강,690000,-31000,-4.30,692000,690000,172123,1.17191E+11,714000,714000,671000,5000,15618197,1.07766E+13
032640,LG유플러스,9410,-140.00,-1.47,9410,9400,1169493,11094400620,9560,9720,9400,5000,436611361,4.10851E+12
011070,LG이노텍,104000,500.00,0.48,104000,103500,149551,15417781500,102500,104000,101000,5000,23667107,2.46138E+12
066570,LG전자,51700,-200.00,-0.39,51800,51700,529316,27364196800,51600,52200,51000,5000,163647814,8.46059E+12
108670,LG하우시스,136500,-6500,-4.55,137500,136500,62927,8729935000,140500,141500,136500,5000,8967670,1.22409E+12
051910,LG화학,261500,-500.00,-0.19,261500,261000,78232,20446140500,257000,264500,253000,5000,66271100,1.73299E+13
002550,LIG손해보험,26100,150.00,0.58,26100,26050,341858,8992956500,26000,26600,25550,500,60000000,1.566E+12
006260,LS,44850,-450.00,-0.99,44950,44850,78190,3499711650,44600,45200,44550,5000,32200000,1.44417E+12
000680,LS네트웍스,4140,-40.00,-0.96,4140,4130,23387,96355615,4180,4180,4100,5000,77828880,3.22212E+11
010120,LS산전,48000,-100.00,-0.21,48000,47950,44555,2145607550,47700,48650,47700,5000,30000000,1.44E+12
023150,MH에탄올,12000,0.00,0.00,12050,12000,159245,1889288200,11700,12150,11450,500,7378526,88542312000
035420,NAVER,627000,26000,4.33,628000,627000,330737,2.04915E+11,607000,628000,607000,500,32962679,2.06676E+13
181710,NHN엔터테인먼트,54300,-2700,-4.74,54400,54300,264252,14576538700,56700,57200,53900,500,19565025,1.06238E+12
005940,NH투자증권,11950,-200.00,-1.65,12000,11950,1677480,20164304600,12050,12400,11850,5000,281408887,3.36284E+12
034310,NICE,20100,-500.00,-2.43,20250,20100,44766,900425400,20600,20600,19750,500,37882300,7.61434E+11
008260,NI스틸,2340,10.00,0.43,2340,2330,66215,153888255,2355,2355,2300,500,28426850,66518829000
004250,NPC,6230,-160.00,-2.50,6230,6180,34293,212828330,6360,6440,6170,500,36720000,2.28766E+11
010060,OCI,86600,-400.00,-0.46,86700,86600,141501,12328314200,85900,88800,84700,5000,23849371,2.06536E+12
005490,POSCO,226000,1000,0.44,226000,225500,110721,24856913500,224500,226000,221000,5000,87186835,1.97042E+13
100840,S&TC,22800,-550.00,-2.36,22900,22800,21022,482850150,23250,23550,22800,500,7084612,1.61529E+11
064960,S&T모티브,64400,-400.00,-0.62,64800,64400,17846,1152008200,64800,65300,63500,5000,14403386,9.27578E+11
003570,S&T중공업,14350,0.00,0.00,14350,14250,58630,837656900,14350,14500,14050,2500,32473439,4.65994E+11
036530,S&T홀딩스,27600,150.00,0.55,27800,27600,20783,567412750,27450,27900,26850,500,15370076,4.24214E+11
010950,S-Oil,65200,900.00,1.40,65400,65200,449517,29655286800,64300,66900,63500,2500,112582792,7.3404E+12
034120,SBS,40800,800.00,2.00,40800,40350,158458,6420537350,40000,41200,39100,5000,18252582,7.44705E+11
101060,SBS미디어홀딩스,4665,-85.00,-1.79,4685,4665,230686,1091839730,4715,4825,4650,500,139896190,6.52616E+11
004060,SG세계물산,738,10.00,1.37,741,738,1751209,1322940469,735,776,730,500,202424960,1.4939E+11
001380,SG충남방적,2020,-30.00,-1.46,2020,2015,184284,365553520,1950,2070,1910,500,41747470,84329889400
002360,SH에너지화학,1830,20.00,1.10,1835,1830,1136198,2086294800,1825,1875,1760,500,111133730,2.03375E+11
009160,SIMPAC,7900,50.00,0.64,7900,7870,37149,293476900,7850,7950,7850,500,29084925,2.29771E+11
123700,SJM,7000,-30.00,-0.43,7000,6980,17226,120089460,7030,7030,6940,500,15604898,1.09234E+11
025530,SJM홀딩스,5460,-120.00,-2.15,5510,5460,18231,99921680,5630,5630,5410,500,14934008,81539683680
003600,SK,192500,1000,0.52,193000,192500,99040,19321189000,192000,199500,190500,5000,46961812,9.04015E+12
034730,SK C&C,266000,-500.00,-0.19,266500,266000,148068,40245917000,269500,278000,266000,200,44000000,1.1704E+13
011790,SKC,36000,500.00,1.41,36150,36000,176537,6423081850,35200,36850,35200,5000,36761178,1.3234E+12
018670,SK가스,99300,-2700,-2.65,99300,99200,38718,3857336500,103000,103500,98200,5000,8796377,8.7348E+11
001740,SK네트웍스,7880,-100.00,-1.25,7880,7870,1220314,9676304590,7940,8030,7830,2500,248187647,1.95572E+12
096770,SK이노베이션,122500,0.00,0.00,123000,122500,418300,51754241463,123000,126500,121500,5000,92465564,1.1327E+13
001510,SK증권,1400,-60.00,-4.11,1405,1400,11084138,16063355850,1450,1510,1400,500,320117171,4.48164E+11
006120,SK케미칼,75400,-1600,-2.08,75500,75400,259191,19747914000,75800,78100,74800,5000,20843047,1.57157E+12
017670,SK텔레콤,256500,-500.00,-0.19,256500,256000,95631,24539941252,257000,261000,254500,500,80745711,2.07113E+13
000660,SK하이닉스,46150,-400.00,-0.86,46200,46150,1775422,82469622300,46550,47100,46050,5000,728002365,3.35973E+13
011810,STX,4820,20.00,0.42,4820,4810,56028,271150995,4875,4960,4770,2500,29845260,1.43854E+11
077970,STX엔진,9870,-90.00,-0.90,9880,9870,6997,69545900,9770,10200,9700,2500,23008904,2.27098E+11
071970,STX중공업,8230,130.00,1.60,8250,8230,26854,222577440,8220,8550,8050,2500,22325027,1.83735E+11
002710,TCC동양,2405,-45.00,-1.84,2410,2405,37586,91756810,2545,2545,2400,1000,20000000,48100000000
024070,WISCOM,5490,10.00,0.18,5490,5480,6107,33492060,5500,5510,5470,500,15025920,82492300800
037270,YG PLUS,4200,-240.00,-5.41,4200,4195,344578,1486904540,4440,4520,4200,500,56927582,2.39096E+11
000500,가온전선,23750,100.00,0.42,23750,23350,9048,210581400,23150,23750,23000,5000,4160347,98808241250
035250,강원랜드,37750,-400.00,-1.05,37850,37750,535021,20281375550,38450,38600,37650,500,213940500,8.07625E+12
000860,건설화학,51900,700.00,1.37,51900,51800,7559,388197800,51000,52000,50300,1000,6500000,3.3735E+11
008020,경남에너지,7250,80.00,1.12,7290,7250,898,6463270,7180,7300,7050,500,41249008,2.99055E+11
192520,경남은행,9750,0.00,0.00,0,0,0,0,0,0,0,5000,78420912,7.64604E+11
002100,경농,5770,-150.00,-2.53,5780,5770,32004,185668010,5920,5940,5750,500,21691750,1.25161E+11
012320,경동가스,118500,-1000,-0.84,120000,118500,4313,515635000,120000,120000,117500,5000,3484800,4.12949E+11
009450,경동나비엔,30600,0.00,0.00,30600,30550,14457,447364200,30600,31450,29950,1000,12739510,3.89829E+11
000050,경방,214000,-11000,-4.89,214500,214000,11674,2554311000,224000,226500,211500,5000,2741527,5.86687E+11
012610,경인양행,4520,120.00,2.73,4525,4520,276039,1231382445,4330,4600,4330,500,40396365,1.82592E+11
009140,경인전자,24700,-900.00,-3.52,24700,24650,749,18297000,25850,25850,24100,5000,1570797,38798685900
013580,계룡건설,10650,-200.00,-1.84,10750,10650,11290,122501250,10600,11000,10600,5000,8930907,95114159550
012200,계양전기,4795,95.00,2.02,4815,4795,752086,3645368915,4740,4965,4680,500,32600000,1.56317E+11
004200,고려개발,4470,-30.00,-0.67,4470,4465,37390,166781495,4530,4570,4315,5000,20000000,89400000000
002140,고려산업,2520,-60.00,-2.33,2555,2520,88205,224355255,2540,2580,2520,1000,24939425,62847351000
010130,고려아연,517000,6000,1.17,518000,517000,34377,17807848000,511000,522000,508000,5000,18870000,9.75579E+12
002240,고려제강,59600,-3400,-5.40,60000,59600,51152,3112063000,62100,62800,59600,1000,18000000,1.0728E+12
009810,고려포리머,2000,-70.00,-3.38,2000,1995,671407,1396729100,2000,2195,1995,500,33709316,67418632000
001290,골든브릿지증권,1385,-45.00,-3.15,1385,1380,308382,431834255,1425,1465,1370,1000,63737067,88275837795
009290,광동제약,16500,100.00,0.61,16550,16500,190931,3136909100,16400,16750,16100,1000,52420851,8.64944E+11
017040,광명전기,2380,80.00,3.48,2385,2380,450705,1051806830,2300,2400,2275,500,43337615,1.03144E+11
017900,광전자,2155,-145.00,-6.30,2185,2155,116376,254689205,2315,2315,2155,500,57943763,1.24869E+11
037710,광주신세계,346000,-9000,-2.54,350000,346000,698,244770500,347000,357000,346000,5000,1600000,5.536E+11
192530,광주은행,7900,-50.00,-0.63,7910,7900,141375,1108694570,7950,7950,7820,5000,51316057,4.05397E+11
140910,광희리츠,5310,60.00,1.14,5310,5260,27422,160867800,5250,5310,5220,5000,3628735,19268582850
030610,교보증권,9800,-150.00,-1.51,9820,9800,103122,1019801590,9880,10150,9750,5000,36000000,3.528E+11
007690,국도화학,71000,400.00,0.57,71100,71000,50667,3615138900,70500,73400,69100,5000,5810616,4.12554E+11
005320,국동,13900,100.00,0.72,14050,13900,104746,1421746950,13600,14400,13150,500,4696124,65276123600
001140,국보,15900,-450.00,-2.75,15900,15650,13521,213907800,16000,16400,15550,5000,1027304,16334133600
002720,국제약품,3985,-75.00,-1.85,3995,3985,226779,910568305,3975,4145,3880,1000,16607318,66180162230
014530,극동유화,35200,100.00,0.28,35300,35200,16875,599867500,35100,37050,34200,5000,3486942,1.2274E+11
002250,근화제약,32300,-1700,-5.00,32850,32300,77505,2537821700,33550,33550,32000,5000,11857922,3.83011E+11
014280,금강공업,84400,1000,1.20,84500,84300,3211,269342400,84200,85000,82600,5000,4855964,4.09843E+11
008870,금비,64000,-300.00,-0.47,64200,64000,9091,578378400,64500,66200,62200,5000,1000000,64000000000
001570,금양,1665,-25.00,-1.48,1665,1635,64208,105471390,1690,1690,1620,500,39353308,65523257820
002990,금호산업,13750,-350.00,-2.48,13750,13700,170984,2357424250,13550,14100,13550,5000,34621101,4.7604E+11
011780,금호석유,75000,-100.00,-0.13,75100,75000,112600,8407525200,75000,75300,72800,5000,30467691,2.28508E+12
001210,금호전기,18450,-50.00,-0.27,18450,18300,17635,320038050,18000,18800,18000,5000,6916051,1.27601E+11
073240,금호타이어,7500,0.00,0.00,7520,7500,680470,5115240040,7450,7680,7330,5000,157993158,1.18495E+12
092440,기신정기,8670,770.00,9.75,8670,8660,334357,2802003330,8000,8670,8000,500,29200000,2.53164E+11
000270,기아차,46000,150.00,0.33,46000,45950,624467,28616272050,45850,46200,45050,5000,405363347,1.86467E+13
024110,기업은행,14250,-550.00,-3.72,14350,14250,907900,13080322500,14650,14650,14250,5000,556401958,7.92873E+12
004540,깨끗한나라,5890,-140.00,-2.32,5890,5880,312331,1873103120,6000,6250,5750,5000,30364959,1.7885E+11
007460,나라케이아이씨,2540,30.00,1.20,2540,2510,34731,87641930,2510,2590,2500,500,11425527,29020838580
001260,남광토건,11550,950.00,8.96,11550,11500,1625454,18390961150,10400,11900,10300,5000,6987183,80701963650
008350,남선알미늄,1110,-5.00,-0.45,1110,1105,228111,254642080,1110,1145,1110,500,110179090,1.22299E+11
004270,남성,1485,-70.00,-4.50,1490,1485,5040,7547475,1550,1550,1460,500,36212160,53775057600
003920,남양유업,730000,-2000,-0.27,732000,730000,825,601338000,734000,734000,720000,5000,720000,5.256E+11
002070,남영비비안,10750,-1550,-12.60,10900,10750,92714,1043242800,11800,12300,10450,1000,6867945,73830408750
025860,남해화학,11750,-300.00,-2.49,11800,11750,523171,6183938750,11850,12100,11600,1000,49678843,5.83726E+11
005720,넥센,86000,0.00,0.00,86200,86000,3463,297833100,85100,86300,85100,5000,5088017,4.37569E+11
002350,넥센타이어,12600,600.00,5.00,12650,12600,622937,7832546400,12100,12800,12100,500,96415877,1.21484E+12
110570,넥솔론,777,-5.00,-0.64,777,776,622001,482879061,782,796,761,500,141779278,1.10162E+11
090350,노루페인트,12650,900.00,7.66,12650,12600,822819,10266711750,11700,12800,11700,500,20000000,2.53E+11
000320,노루홀딩스,33200,-300.00,-0.90,33200,33000,19640,648566200,33200,33900,31800,500,13198611,4.38194E+11
006280,녹십자,252000,7000,2.86,252000,251500,43866,10972079500,249000,254000,245500,5000,11686538,2.94501E+12
005250,녹십자홀딩스,37050,250.00,0.68,37050,36950,53484,1967651050,36900,37450,36250,500,47028210,1.7424E+12
004370,농심,269000,-8500,-3.06,269000,268500,29516,7987484500,277500,278000,267000,5000,6082642,1.63623E+12
072710,농심홀딩스,114000,-7000,-5.79,114500,114000,14386,1651839500,119000,120000,112500,5000,4637790,5.28708E+11
023590,다우기술,17050,400.00,2.40,17100,17050,176558,3005591100,16650,17250,16550,500,44866617,7.64976E+11
020120,다우인큐브,3245,-30.00,-0.92,3335,3245,17998,58883800,3290,3400,3245,500,15832549,51376621505
015590,대경기계,1540,-5.00,-0.32,1545,1540,41736,64497440,1535,1555,1525,500,54739890,84299430600
019680,대교,7820,10.00,0.13,7850,7820,177743,1411782350,7750,8120,7700,500,84702850,6.62376E+11
006370,대구백화점,16050,50.00,0.31,16050,15900,112845,2336538550,16100,16100,15850,5000,10821611,1.73687E+11
004130,대덕GDS,10100,-350.00,-3.35,10100,10050,204373,2083471350,10350,10400,10000,500,20575613,2.07814E+11
008060,대덕전자,7860,-410.00,-4.96,7860,7850,206634,1658275950,8270,8360,7860,500,48796300,3.83539E+11
000490,대동공업,12100,50.00,0.41,12100,12050,72265,878942100,11900,12750,11800,1000,23728210,2.87111E+11
008110,대동전자,5300,40.00,0.76,5300,5130,6977,36588700,5380,5380,5150,500,10490447,55599369100
005750,대림B&Co,18650,-1200,-6.05,18850,18650,338776,6418358500,19800,20050,18350,1000,15501672,2.89106E+11
000210,대림산업,77700,-100.00,-0.13,77800,77700,93082,7223317100,77300,79200,76600,5000,34800000,2.70396E+12
006570,대림통상,6600,-400.00,-5.71,6600,6510,18936,126974620,6780,7290,6260,1000,15225000,1.00485E+11
001680,대상,34200,-1300,-3.66,34300,34200,139164,4820591550,35500,35600,34200,1000,34411575,1.17688E+12
084690,대상홀딩스,23750,150.00,0.64,24300,23750,29030,691564450,24000,24500,23250,1000,36212538,8.60048E+11
128820,대성산업,5040,0.00,0.00,5080,5040,119779,603673855,5010,5200,4900,5000,24087955,1.21403E+11
117580,대성에너지,6430,90.00,1.42,6430,6400,21570,136858610,6290,6430,6280,1000,27500000,1.76825E+11
005620,대성합동지주,46250,-1100,-2.32,46300,46250,2120,96418850,47000,47350,44700,5000,1799077,83207311250
016710,대성홀딩스,13150,0.00,0.00,13150,13000,16002,208731200,13250,13250,12950,1000,16089459,2.11576E+11
003540,대신증권,11250,-550.00,-4.66,11300,11250,268432,3073839750,11800,11850,11200,5000,50773400,5.71201E+11
009190,대양금속,403,-7.00,-1.71,408,403,48736,19767416,415,418,403,500,61589669,24820636607
014160,대영포장,1030,-40.00,-3.74,1035,1030,1884534,1964666480,1065,1075,1010,500,96718949,99620517470
047040,대우건설,6460,-180.00,-2.71,6470,6460,1178985,7654325130,6570,6680,6420,5000,415622638,2.68492E+12
009320,대우부품,910,20.00,2.25,910,909,56798,51521237,893,919,891,500,39226790,35696378900
047050,대우인터내셔널,25100,-300.00,-1.18,25200,25100,226768,5714683950,25300,25500,24600,5000,113876291,2.85829E+12
042660,대우조선해양,14350,-300.00,-2.05,14400,14350,1637053,23760712550,14400,14850,14250,5000,191390758,2.74646E+12
006800,대우증권,14200,-200.00,-1.39,14250,14200,1371249,19611490500,14250,14750,14050,5000,326700891,4.63915E+12
003090,대웅,59700,-1500,-2.45,60400,59700,165778,9941523800,61200,61700,59500,2500,11628396,6.94215E+11
069620,대웅제약,93300,1300,1.41,93400,93300,113954,10519820800,92000,94800,90100,2500,11586575,1.08103E+12
000430,대원강업,4900,-50.00,-1.01,4920,4900,42958,209914580,4905,4950,4845,500,62000000,3.038E+11
006340,대원전선,1775,-215.00,-10.80,1775,1770,7775896,14148422900,1970,1995,1700,500,68107171,1.2089E+11
003220,대원제약,21800,150.00,0.69,21800,21750,77716,1679173100,21200,22050,21100,500,17171002,3.74328E+11
024890,대원화성,2945,-125.00,-4.07,2980,2945,389210,1167831725,3070,3105,2945,500,38744488,1.14103E+11
000300,대유신소재,1170,15.00,1.30,1175,1170,291698,336028335,1145,1180,1130,500,88120526,1.03101E+11
002880,대유에이텍,2035,-10.00,-0.49,2035,2030,3387955,6962400975,2005,2145,1980,500,91447161,1.86095E+11
012800,대창,885,2.00,0.23,885,884,224023,196644106,871,887,871,500,91140499,80659341615
015230,대창단조,53700,-1200,-2.19,54300,53700,3807,206176500,53500,54800,53500,5000,2000000,1.074E+11
001070,대한방직,82600,2000,2.48,82800,82600,10001,814193100,80400,83500,79800,5000,1060000,87556000000
006650,대한유화,213500,11000,5.43,213500,213000,67677,14471276000,199000,219500,199000,5000,6500000,1.38775E+12
001440,대한전선,6000,0.00,0.00,0,0,0,0,0,0,0,2500,32707337,1.96244E+11
084010,대한제강,8040,100.00,1.26,8080,8040,120087,967410260,7990,8240,7750,1000,24646734,1.9816E+11
001790,대한제당,28350,-250.00,-0.87,28350,28250,4871,137884700,28600,28600,28150,2500,8840002,2.50614E+11
001130,대한제분,216500,-4500,-2.04,217000,216500,3580,790006500,222000,228500,214500,5000,1690000,3.65885E+11
003490,대한항공,35200,-2300,-6.13,35250,35200,817184,29181075550,36950,36950,35150,5000,72839744,2.56396E+12
005880,대한해운,24000,-100.00,-0.41,24000,23800,71410,1712433800,24100,24600,23650,5000,24416108,5.85987E+11
003830,대한화섬,118000,1000,0.85,120000,118000,489,58873500,118000,122000,117500,5000,1328000,1.56704E+11
016090,대현,3035,-65.00,-2.10,3040,3035,426683,1313070320,3080,3155,3005,500,45282310,1.37432E+11
069460,대호에이엘,1915,-60.00,-3.04,1925,1915,457101,876541190,1975,1975,1880,500,27134839,51963216685
012510,더존비즈온,14100,-650.00,-4.41,14150,14100,781903,11188205350,14650,14750,13950,500,29672700,4.18385E+11
004830,덕성,8290,-680.00,-7.58,8300,8290,412926,3469590200,8600,8890,8090,500,15680000,1.29987E+11
024900,덕양산업,2575,-95.00,-3.56,2575,2560,65710,169845880,2675,2675,2540,500,32564980,83854823500
008000,도레이케미칼,19850,0.00,0.00,19850,19800,25301,502167650,19800,19900,19800,5000,46363851,9.20322E+11
002150,도화엔지니어링,4440,105.00,2.42,4480,4440,17616,76815390,4200,4440,4170,500,33720000,1.49717E+11
001620,동국실업,2500,-5.00,-0.20,2505,2500,40882,102290825,2505,2520,2475,500,26334520,65836300000
001230,동국제강,5030,-20.00,-0.40,5040,5030,204023,1026826445,5010,5150,4950,5000,95358542,4.79653E+11
023450,동남합성,39500,-2100,-5.05,39500,39300,10126,401219550,41600,41600,39000,5000,1279883,50555378500
004140,동방,2470,55.00,2.28,0,0,125379,307989400,2360,2510,2360,1000,21523970,53164205900
007590,동방아그로,10250,1040,11.29,10250,10150,419340,4267740580,9200,11200,9020,500,13617577,1.3958E+11
012030,동부,5700,130.00,2.33,5700,5630,57738,324298410,5560,5750,5470,5000,18212632,1.03812E+11
005960,동부건설,483,0.00,0.00,0,0,0,0,0,0,0,5000,50040163,24169398729
016380,동부제철,3360,-50.00,-1.47,3360,3355,49679,167902030,3365,3440,3315,5000,20000488,67201639680
016610,동부증권,5290,-40.00,-0.75,5350,5290,142309,758181590,5330,5400,5150,5000,42446389,2.24541E+11
000990,동부하이텍,14800,-150.00,-1.00,14850,14800,334280,4978106600,14950,15100,14700,5000,44367832,6.56644E+11
005830,동부화재,48700,-100.00,-0.20,48850,48700,166594,8137842150,48800,49500,48050,500,70800000,3.44796E+12
083350,동북아10호,5050,10.00,0.20,5080,5050,0,0,0,0,0,5000,1585660,8007583000
083360,동북아11호,5110,-10.00,-0.20,5110,5030,0,0,0,0,0,5000,1585660,8102722600
083370,동북아12호,5140,0.00,0.00,5140,5060,0,0,0,0,0,5000,1585660,8150292400
083380,동북아13호,5120,-20.00,-0.39,5120,5010,0,0,0,0,0,5000,1585660,8118579200
083390,동북아14호,5050,0.00,0.00,5140,5050,1524,7696200,5050,5050,5050,5000,1585660,8007583000
002210,동성제약,6100,20.00,0.33,6100,6090,309709,1921042750,6080,6370,6070,1000,22404756,1.36669E+11
102260,동성홀딩스,7540,-80.00,-1.05,7540,7510,130478,993737580,7700,7750,7470,1000,36214645,2.73058E+11
005190,동성화학,19800,250.00,1.28,19800,19750,43536,848654450,19600,19850,19100,1000,4876849,96561610200
000640,동아쏘시오홀딩스,169500,2000,1.19,170000,169500,19308,3269122000,166000,171500,164000,5000,4525391,7.67054E+11
058730,동아에스텍,4200,15.00,0.36,4230,4200,10706,44885835,4100,4245,4060,500,12738000,53499600000
170900,동아에스티,140500,2000,1.44,141000,140500,76731,10882394500,140000,146500,138500,5000,7701936,1.08212E+12
008040,동아원,2700,-25.00,-0.92,2700,2510,36919,96518240,2635,2710,2480,500,65180349,1.75987E+11
028100,동아지질,8500,150.00,1.80,8500,8490,42443,356516420,8350,8520,8200,500,11500000,97750000000
007340,동아타이어,24150,-350.00,-1.43,24200,24150,28778,693969050,24500,24500,23800,500,23727020,5.73008E+11
001520,동양,1635,-35.00,-2.10,1635,1625,1582231,2583252970,1670,1685,1590,500,237379633,3.88116E+11
084670,동양고속,35100,-1100,-3.04,35350,35100,7629,268930100,36200,36450,34950,5000,2652000,93085200000
030790,동양네트웍스,1360,-55.00,-3.89,1360,1355,415970,574903020,1440,1440,1340,500,31314442,42587641120
002900,동양물산,9500,-250.00,-2.56,9550,9500,22970,222587220,9890,9890,9480,5000,6538890,62119455000
082640,동양생명,13700,-400.00,-2.84,13700,13650,621090,8667665550,13750,14300,13600,5000,107572390,1.47374E+12
008970,동양철관,1135,-15.00,-1.30,1140,1135,519193,588208260,1135,1145,1120,500,81451824,92447820240
003580,동원,4935,-175.00,-3.42,4935,4920,7307,36466670,5090,5340,4910,5000,4714788,23267478780
049770,동원F&B,361000,27500,8.25,361000,357000,32090,11532168500,333500,369000,318500,5000,3859124,1.39314E+12
018500,동원금속,2185,40.00,1.86,2185,2180,148266,319693065,2145,2195,2120,500,29223542,63853439270
006040,동원산업,302000,-500.00,-0.17,302500,302000,3637,1095237500,300000,309500,299000,5000,3363200,1.01569E+12
030720,동원수산,7390,-90.00,-1.20,7490,7390,9045,67275470,7500,7500,7370,5000,4059609,30000510510
014820,동원시스템즈,87700,5300,6.43,87700,87500,74813,6394860800,83800,88000,82700,5000,24079554,2.11178E+12
163560,동일고무벨트,15550,-900.00,-5.47,15650,15550,95793,1523453750,16400,16500,15550,500,11890000,1.8489E+11
001530,동일방직,81500,-2900,-3.44,82800,81500,2726,224590300,83400,83500,81500,5000,2253852,1.83689E+11
004890,동일산업,74100,0.00,0.00,74200,74100,936,69550700,74600,75000,74000,5000,2425215,1.79708E+11
019300,동일제지,2930,-25.00,-0.85,2945,2930,68568,199067420,2955,2980,2880,500,39690000,1.16292E+11
000020,동화약품,8950,70.00,0.79,9000,8950,168206,1505304200,8710,9190,8610,1000,27931470,2.49987E+11
000150,두산,103000,500.00,0.49,103500,103000,29297,3050080500,102000,106500,101000,5000,21270888,2.1909E+12
011160,두산건설,7690,-130.00,-1.66,7690,7680,113139,879988070,7880,8000,7630,5000,58050858,4.46411E+11
082740,두산엔진,5550,-100.00,-1.77,5590,5550,129241,721455200,5650,5700,5540,1000,69500000,3.85725E+11
042670,두산인프라코어,9830,-50.00,-0.51,9840,9830,794794,7836020030,9900,10050,9720,5000,207455314,2.03929E+12
034020,두산중공업,24700,100.00,0.41,24750,24700,290904,7201826350,24000,25250,24000,5000,106158256,2.62211E+12
024090,디씨엠,16800,50.00,0.30,16800,16750,22342,371097400,16550,16950,16500,500,11700000,1.9656E+11
003160,디아이,7140,-60.00,-0.83,7150,7140,170010,1201402260,7030,7160,6980,500,31496785,2.24887E+11
092200,디아이씨,5860,860.00,17.20,5870,5860,890130,4910875755,4905,5860,4905,500,21700000,1.27162E+11
013570,디와이,6110,-220.00,-3.48,6110,6100,171929,1057761710,6200,6330,6080,500,20623600,1.2601E+11
210540,디와이파워,9270,200.00,2.21,9270,9200,73918,676758970,9140,9350,9030,500,11041708,1.02357E+11
026890,디피씨,6380,-170.00,-2.60,6380,6370,345144,2191327170,6470,6480,6240,500,41678175,2.65907E+11
115390,락앤락,12450,0.00,0.00,12500,12450,231027,2899726250,12300,12800,12250,500,55000000,6.8475E+11
032350,롯데관광개발,16000,-300.00,-1.84,16000,15950,19381,308836400,16000,16150,15750,500,24613632,3.93818E+11
000400,롯데손해보험,2650,-50.00,-1.85,2675,2650,178148,476594925,2695,2725,2650,1000,67280000,1.78292E+11
023530,롯데쇼핑,228000,-500.00,-0.22,228000,227500,65101,14751007000,226500,230000,225000,5000,31490892,7.17992E+12
004990,롯데제과,1935000,-54000,-2.71,1935000,1933000,2555,4903752000,2000000,2000000,1902000,5000,1421400,2.75041E+12
005300,롯데칠성,2505000,-27000,-1.07,2505000,2500000,4906,12294096000,2532000,2540000,2454000,5000,1237203,3.09919E+12
011170,롯데케미칼,275000,3000,1.10,275500,275000,96958,26905789500,270000,281000,266000,5000,34275419,9.42574E+12
002270,롯데푸드,903000,5000,0.56,904000,903000,4008,3564506000,879000,907000,876000,5000,1369436,1.2366E+12
071840,롯데하이마트,72700,-1700,-2.28,72700,72300,84314,6130233700,73100,73800,72100,5000,23607712,1.71628E+12
027740,마니커,560,-10.00,-1.75,560,558,104778,58878901,577,577,555,500,72001070,40320599200
204320,만도,131500,500.00,0.38,131500,131000,42693,5537627500,129000,132000,127000,5000,9391424,1.23497E+12
001080,만호제강,23300,-50.00,-0.21,23300,23200,2899,66980750,23750,23750,22750,1000,4150000,96695000000
088980,맥쿼리인프라,8040,50.00,0.63,8040,8030,1127695,9043567650,8000,8050,7990,0,331459341,2.66493E+12
138040,메리츠금융지주,14700,500.00,3.52,14700,14600,443020,6387763750,14200,14700,14100,500,142885818,2.10042E+12
008560,메리츠종금증권,6840,-200.00,-2.84,6850,6840,1101183,7628906680,6900,7080,6810,1000,311782377,2.13259E+12
000060,메리츠화재,14400,-350.00,-2.37,14450,14400,253793,3692561750,14600,14650,14400,500,105963000,1.52587E+12
017180,명문제약,3335,15.00,0.45,3340,3335,295049,988510520,3300,3530,3275,500,18110000,60396850000
012690,모나리자,5570,10.00,0.18,5580,5570,818750,4663077700,5430,5970,5380,500,36571255,2.03702E+11
005360,모나미,3270,-70.00,-2.10,3270,3250,314566,1022887170,3210,3340,3170,1000,13897307,45444193890
009680,모토닉,10950,-200.00,-1.79,11000,10950,44159,480319700,10850,11050,10650,500,33000000,3.6135E+11
009580,무림P&P,4545,50.00,1.11,4550,4545,145096,651933580,4505,4565,4425,2500,62368324,2.83464E+11
009200,무림페이퍼,3495,-200.00,-5.41,3510,3495,347734,1236220465,3650,3670,3460,2500,41609310,1.45425E+11
033920,무학,59700,2100,3.65,59700,59600,128681,7594435500,58300,60000,57300,200,28100000,1.67757E+12
008420,문배철강,2190,-70.00,-3.10,2210,2190,51665,114411655,2290,2290,2175,500,20503505,44902675950
025560,미래산업,262,4.00,1.55,262,261,23393425,6225015620,256,275,254,100,445071989,1.16609E+11
007120,미래아이앤지,1085,-40.00,-3.56,1085,1080,333934,361648515,1120,1120,1055,500,53522468,58071877780
037620,미래에셋증권,54200,-900.00,-1.63,54500,54200,92146,5040550100,55500,55800,53600,5000,43958609,2.38256E+12
002840,미원상사,167000,-2500,-1.47,167500,167000,52,8736500,170000,170000,166000,5000,894637,1.49404E+11
107590,미원에스씨,288500,-500.00,-0.17,289000,288000,131,37772000,288500,289000,287500,5000,724489,2.09015E+11
134380,미원화학,44250,-3350,-7.04,45200,44250,3329,153182200,47600,47650,44250,1000,2347435,1.03874E+11
003650,미창석유,74000,-1500,-1.99,74300,74000,2047,151028900,75500,75500,73000,5000,1739672,1.28736E+11
155900,바다로19호,3485,-110.00,-3.06,3585,3485,257,917465,3605,3605,3485,5000,15200004,52972013940
092630,바다로3호,3400,0.00,0.00,3400,3360,0,0,0,0,0,5000,886869,3015354600
003610,방림,30400,200.00,0.66,30450,30400,7182,216267750,30550,30550,29900,5000,4231409,1.28635E+11
001340,백광산업,2120,70.00,3.41,2125,2120,560197,1137396425,1950,2165,1870,500,31211241,66167830920
014580,백광소재,2735,-15.00,-0.55,2745,2735,9127,25093015,2740,2780,2735,500,27583100,75439778500
035150,백산,5860,-160.00,-2.66,5870,5860,122034,722628460,6040,6080,5780,500,24200000,1.41812E+11
002410,범양건영,14450,-450.00,-3.02,14500,14450,30315,439436450,14850,14900,14300,5000,2663795,38491837750
084870,베이직하우스,15350,-700.00,-4.36,15350,15300,458863,7052183150,15600,15950,14850,500,20856819,3.20152E+11
007210,벽산,9300,470.00,5.32,9300,9290,1255510,11479018220,8870,9340,8750,500,68560000,6.37608E+11
002760,보락,4130,-205.00,-4.73,4245,4130,93262,396519590,4300,4370,4105,1000,11980000,49477400000
003850,보령제약,58400,2000,3.55,58500,58400,154291,9179538000,57000,62000,56200,2500,8040000,4.69536E+11
004740,보루네오,1005,-20.00,-1.95,1010,1005,247373,250991253,1030,1045,990,500,23486091,23603521455
000890,보해양조,1630,-70.00,-4.12,1635,1630,1344686,2228335865,1700,1720,1605,500,83550081,1.36187E+11
003000,부광약품,29100,300.00,1.04,29300,29100,223679,6599509200,28900,30300,28800,500,34057029,9.9106E+11
001270,부국증권,17200,-50.00,-0.29,17450,17200,761,12895850,17000,17200,16650,5000,10369886,1.78362E+11
026940,부국철강,2650,-35.00,-1.30,2650,2645,35967,95757380,2685,2700,2620,500,20000000,53000000000
015350,부산가스,36950,200.00,0.54,36950,36800,2474,91460500,36800,37250,36750,5000,11000000,4.0645E+11
011390,부산산업,29500,-1250,-4.07,29550,29500,16043,484878350,30750,31850,29050,5000,1056000,31152000000
005030,부산주공,2255,-60.00,-2.59,2255,2250,24671,56407985,2315,2330,2230,500,13949256,31455572280
100220,비상교육,10100,-350.00,-3.35,10150,10100,33251,337635000,10250,10450,10100,500,12996741,1.31267E+11
005180,빙그레,77400,-4400,-5.38,77500,77400,88271,6909632500,80700,80900,77000,5000,9851241,7.62486E+11
003960,사조대림,19400,-3350,-14.73,19400,19350,163047,3377820150,22750,22750,18800,5000,5960575,1.15635E+11
007160,사조산업,85600,200.00,0.23,85600,85500,44984,3893841000,85000,88700,84900,5000,5000000,4.28E+11
014710,사조씨푸드,8110,-430.00,-5.04,8120,8110,240597,1967073120,8350,8520,7970,1000,17218543,1.39642E+11
006090,사조오양,15450,-500.00,-3.13,15550,15450,89746,1413922700,15800,16300,15400,5000,4360000,67362000000
079660,사조해표,20400,800.00,4.08,20400,20250,57742,1173780700,19750,20750,19550,5000,7160000,1.46064E+11
005090,삼광글라스,105000,-4500,-4.11,106000,105000,34175,3588257000,109000,109500,103500,5000,4854418,5.09714E+11
005610,삼립식품,262000,-1000,-0.38,263000,262000,13550,3520735500,263000,263500,254500,5000,8629009,2.2608E+12
001470,삼부토건,5050,30.00,0.60,5060,5050,36612,184351630,5030,5120,4985,5000,8802687,44453569350
006400,삼성SDI,113000,-500.00,-0.44,113500,113000,173039,19613874500,113000,114500,112000,5000,68764530,7.77039E+12
006660,삼성공조,10900,-50.00,-0.46,10900,10750,11605,125372900,10850,10950,10750,500,8126314,88576822600
000830,삼성물산,66800,-1600,-2.34,66900,66800,2582353,1.7174E+11,69000,69200,64700,5000,156217764,1.04353E+13
032830,삼성생명,108000,1500,1.41,108500,108000,193231,20817909796,107000,109000,106000,500,200000000,2.16E+13
018260,삼성에스디에스,263000,-6500,-2.41,263500,263000,56427,14841882500,265000,267500,262000,500,77377800,2.03504E+13
028050,삼성엔지니어링,32750,-1750,-5.07,32850,32750,420185,13931759050,33900,34150,32600,5000,40000000,1.31E+12
009150,삼성전기,55600,100.00,0.18,55700,55600,187850,10477986700,55200,56400,55200,5000,74693696,4.15297E+12
005930,삼성전자,1270000,-7000,-0.55,1271000,1270000,161356,2.03038E+11,1255000,1274000,1255000,5000,147299337,1.8707E+14
004000,삼성정밀화학,36700,600.00,1.66,36700,36650,61549,2252895450,36000,36950,35700,5000,25800000,9.4686E+11
001360,삼성제약,15500,-1500,-8.82,15550,15500,1263291,20171001050,16600,16850,15150,500,26289687,4.0749E+11
010140,삼성중공업,17450,-50.00,-0.29,17500,17450,1146557,20133083250,17400,17900,17300,5000,230875386,4.02878E+12
016360,삼성증권,55700,-1400,-2.45,55800,55700,524608,28432686700,57100,57900,55300,5000,76435165,4.25744E+12
068290,삼성출판사,11300,-500.00,-4.24,11300,11250,165717,1893223850,11650,11850,11200,500,10000000,1.13E+11
029780,삼성카드,38900,-850.00,-2.14,38900,38850,160312,6233076700,39550,39550,38550,5000,115858891,4.50691E+12
012450,삼성테크윈,34250,100.00,0.29,34300,34250,553071,18970686700,34200,34850,33850,5000,53130000,1.8197E+12
000810,삼성화재,298500,5500,1.88,299000,298500,172205,50782594000,290000,300500,290000,500,47374837,1.41414E+13
006110,삼아알미늄,3630,-70.00,-1.89,3630,3610,11816,43348575,3640,3770,3550,500,11000000,39930000000
145990,삼양사,125000,8000,6.84,125500,125000,66720,8427913500,121000,132500,117000,5000,6136619,7.67077E+11
003230,삼양식품,23450,-700.00,-2.90,23500,23450,19853,472043850,24150,24300,23350,5000,7533015,1.76649E+11
003940,삼양제넥스,215500,3500,1.65,216000,215500,24620,5387220000,212000,227000,206000,5000,1905907,4.10723E+11
002170,삼양통상,110000,0.00,0.00,110500,110000,1489,163485000,110500,110500,109000,5000,3000000,3.3E+11
000070,삼양홀딩스,157500,36000,29.63,0,157500,299145,44647473500,130000,157500,128500,5000,8564271,1.34887E+12
002810,삼영무역,19700,-700.00,-3.43,19750,19700,59788,1186965000,20100,20300,19200,500,16466623,3.24392E+11
005680,삼영전자,14950,200.00,1.36,15000,14950,36530,544468100,14750,15100,14650,500,20000000,2.99E+11
003720,삼영화학,1745,-20.00,-1.13,1750,1745,104806,182463205,1755,1760,1725,500,34000000,59330000000
023000,삼원강재,3810,-40.00,-1.04,3810,3790,38538,146334250,3830,3850,3770,500,40000000,1.524E+11
004380,삼익THK,8500,40.00,0.47,8500,8470,21506,179781580,8270,8530,8250,500,21000000,1.785E+11
002450,삼익악기,4590,20.00,0.44,4600,4590,1215665,5605679755,4470,4710,4440,500,83864249,3.84937E+11
000520,삼일제약,8950,-390.00,-4.18,8960,8950,66084,590243940,9330,9330,8720,1000,5500000,49225000000
009770,삼정펄프,36200,350.00,0.98,36200,36000,3524,127259700,35850,36550,35550,5000,2499971,90498950200
005500,삼진제약,26150,-100.00,-0.38,26150,26100,65452,1710363900,26200,26700,25650,1000,13900000,3.63485E+11
004690,삼천리,135500,-2500,-1.81,136000,135500,7917,1077161000,136500,138000,134500,5000,4055025,5.49456E+11
001880,삼호,24600,-1300,-5.02,24750,24600,32912,816776250,25900,26000,24250,5000,15179766,3.73422E+11
010960,삼호개발,3320,-60.00,-1.78,3360,3320,71893,240826410,3380,3415,3320,500,25000000,83000000000
004450,삼화왕관,46800,-1900,-3.90,47400,46800,1283,60708250,48700,49500,46500,5000,2154379,1.00825E+11
009470,삼화전기,4690,-190.00,-3.89,4745,4690,34773,165287965,4885,4885,4680,1000,6613820,31018815800
011230,삼화전자,1350,5.00,0.37,1350,1345,24065,32389575,1360,1360,1340,1000,11617800,15684030000
001820,삼화콘덴서,3995,-15.00,-0.37,3995,3990,29300,115705880,3930,4010,3925,1000,10395000,41528025000
000390,삼화페인트,15600,-550.00,-3.41,15650,15600,89000,1394096150,16050,16050,15450,500,22400000,3.4944E+11
013700,삼환까뮤,12500,150.00,1.21,12750,12500,188544,2202321950,11750,13650,10400,5000,4515228,56440350000
041650,상신브레이크,6760,-130.00,-1.89,6790,6760,147844,995235440,6850,6930,6580,500,21471450,1.45147E+11
075180,새론오토모티브,10350,200.00,1.97,10350,10300,17751,181686050,10200,10450,10000,500,19200000,1.9872E+11
007540,샘표식품,47800,200.00,0.42,47800,47700,11742,557535650,45650,49300,45650,1000,4444000,2.12423E+11
007860,서연,11350,-200.00,-1.73,11400,11350,330668,3829332200,11450,12100,11250,500,22485004,2.55205E+11
017390,서울가스,142000,-1500,-1.05,144000,142000,30,4230000,143500,143500,139000,5000,5000000,7.1E+11
004410,서울식품,3645,-145.00,-3.83,3670,3645,166626,625146070,3790,3945,3590,2500,13216400,48173778000
021050,서원,1360,-30.00,-2.16,1390,1360,66132,90814305,1410,1410,1360,500,27974590,38045442400
008490,서흥,51800,2750,5.61,51800,51700,108703,5525902550,49750,52300,48200,500,11569113,5.9928E+11
007610,선도전기,2315,35.00,1.54,2315,2310,117822,268477270,2275,2335,2245,500,18000000,41670000000
136490,선진,29000,0.00,0.00,29000,28950,6839,198077600,28550,29200,28550,500,8140000,2.3606E+11
002820,선창산업,13550,250.00,1.88,13550,13500,317510,4298426400,13300,13800,13200,1000,12428168,1.68402E+11
014910,성문전자,1455,-20.00,-1.36,1455,1450,43409,63734320,1475,1515,1455,500,15088035,21953090925
003080,성보화학,57000,100.00,0.18,57000,56800,655,37303800,57000,57100,56500,5000,2002000,1.14114E+11
004980,성신양회,15300,100.00,0.66,15350,15300,359647,5526150000,15100,16000,14800,5000,23528636,3.59988E+11
011300,성안,943,-32.00,-3.28,943,942,1586211,1523520839,980,999,926,500,56857860,53616961980
005980,성지건설,5660,60.00,1.07,5660,5600,3571,19904690,5700,5700,5500,5000,9746620,55165869200
000180,성창기업지주,39700,-1300,-3.17,40000,39700,53476,2158231100,41300,41750,39650,5000,5775160,2.29274E+11
002420,세기상사,51000,-3300,-6.08,51600,51000,9657,503212600,56200,56200,50600,5000,407592,20787192000
004360,세방,19900,-350.00,-1.73,19900,19800,22007,436442700,20000,20100,19650,500,19308690,3.84243E+11
004490,세방전지,42000,0.00,0.00,42100,42000,40397,1700150750,41500,43050,41200,500,14000000,5.88E+11
001430,세아베스틸,43050,2550,6.30,43150,43050,141410,5987126100,40500,43350,40300,5000,35862119,1.54386E+12
003030,세아제강,70300,200.00,0.29,70500,70300,13464,951773600,70100,71800,69600,5000,6000000,4.218E+11
019440,세아특수강,20700,-450.00,-2.13,20750,20700,11807,246119350,20950,21200,20700,5000,8570000,1.77399E+11
058650,세아홀딩스,193000,-1500,-0.77,197000,193000,1192,226985500,194500,198000,187000,5000,4000000,7.72E+11
013000,세우글로벌,1355,-30.00,-2.17,1355,1350,341966,461389410,1375,1400,1310,500,23690705,32100905275
091090,세원셀론텍,5910,-120.00,-1.99,5910,5860,2239537,13223023820,5800,6130,5690,500,43275160,2.55756E+11
021820,세원정공,26750,400.00,1.52,26800,26750,10720,285761450,27350,27350,26100,500,10000000,2.675E+11
067830,세이브존I&C,6320,-80.00,-1.25,6320,6300,22546,141469870,6400,6400,6220,1000,41040895,2.59378E+11
033530,세종공업,10250,-200.00,-1.91,10300,10250,65462,673139300,10250,10500,10150,500,20054430,2.05558E+11
027970,세하,1625,5.00,0.31,1625,1620,21085,33633940,1590,1675,1570,1000,19682220,31983607500
145210,세화아이엠씨,11700,-100.00,-0.85,11700,11550,46052,536190600,11800,11950,11450,500,11882640,1.39027E+11
004430,송원산업,9540,-180.00,-1.85,9560,9540,80278,771487950,9590,9770,9510,500,24000000,2.2896E+11
017550,수산중공업,1825,-90.00,-4.70,1825,1820,1093231,2001317525,1915,1915,1785,500,50450590,92072326750
002200,수출포장,24000,-550.00,-2.24,24050,24000,10781,260302650,24550,24550,23850,5000,4000000,96000000000
003060,슈넬생명과학,510,5.00,0.99,510,509,5983518,3103760690,501,532,500,500,160779894,81997745940
053210,스카이라이프,18350,-200.00,-1.08,18350,18250,133334,2452859800,18550,18750,18050,2500,47821966,8.77533E+11
016590,신대양제지,41900,-50.00,-0.12,41900,41500,17947,735127300,41550,41900,39900,5000,3665813,1.53598E+11
029530,신도리코,68100,700.00,1.04,68100,67600,9222,620535700,67100,68100,66100,5000,10080029,6.8645E+11
004970,신라교역,20400,-100.00,-0.49,20400,20350,3096,62977750,20500,20500,20250,500,16000000,3.264E+11
011930,신성솔라에너지,1290,-55.00,-4.09,1290,1285,433233,566395620,1325,1350,1275,500,75525800,97428282000
104120,신성에프에이,2810,75.00,2.74,2810,2805,486455,1363964935,2745,2880,2640,500,17626262,49529796220
104110,신성이엔지,1670,0.00,0.00,1675,1670,120752,199995790,1670,1695,1615,500,17626262,29435857540
005390,신성통상,1800,-120.00,-6.25,1805,1800,3613539,6627129490,1890,1935,1790,500,143708390,2.58675E+11
004170,신세계,232000,500.00,0.22,233000,232000,55829,11746070000,229500,234500,224500,5000,9845181,2.28408E+12
035510,신세계 I&C,174000,-4000,-2.25,174000,173500,5557,986402500,186000,186000,172500,5000,1720000,2.9928E+11
034300,신세계건설,74700,-1000,-1.32,74700,74600,16229,1196363100,75600,75600,72400,5000,4000000,2.988E+11
031430,신세계인터내셔날,112500,-3500,-3.02,113500,112500,41941,4697043500,114000,116500,109500,5000,7140000,8.0325E+11
031440,신세계푸드,191000,8000,4.37,191500,191000,46023,8673012500,185500,193000,180000,5000,3872480,7.39644E+11
006880,신송홀딩스,9000,-50.00,-0.55,9000,8970,24499,219872610,9000,9100,8890,500,11828858,1.0646E+11
005800,신영와코루,141500,-8500,-5.67,145000,141500,478,70707500,154500,154500,141500,5000,900000,1.2735E+11
001720,신영증권,52100,-2000,-3.70,53300,52100,31837,1690677800,54000,54500,52100,5000,9386237,4.89023E+11
025620,신우,3850,-50.00,-1.28,3850,3800,105881,411662640,4150,4180,3705,500,61884796,2.38256E+11
009270,신원,2255,-50.00,-2.17,2255,2250,208447,473666410,2320,2320,2235,500,63303370,1.42749E+11
002700,신일산업,1765,-5.00,-0.28,1775,1765,1563889,2793334155,1750,1830,1740,500,69461032,1.22599E+11
019170,신풍제약,4990,-130.00,-2.54,5000,4990,281171,1423935880,5100,5200,4980,500,45218000,2.25638E+11
002870,신풍제지,12050,-200.00,-1.63,12050,12000,65034,776338650,11650,12600,11400,5000,3495870,42125233500
005450,신한,3550,50.00,1.43,3550,3540,7996,28163410,3675,3675,3410,5000,7022839,24931078450
055550,신한지주,40800,-800.00,-1.92,40950,40800,447498,18365372150,41550,41550,40750,5000,474199587,1.93473E+13
001770,신화실업,18100,-900.00,-4.74,18200,18100,17871,334256300,19100,19300,18100,5000,1214878,21989291800
004080,신흥,13350,-150.00,-1.11,13400,13350,3080,41306600,13550,13600,13050,500,9600000,1.2816E+11
102280,쌍방울,1770,-90.00,-4.84,1775,1770,10572816,19360407050,1910,1925,1760,500,92124213,1.6306E+11
047400,쌍용머티리얼,2085,30.00,1.46,2090,2085,77164,161440280,2065,2150,2055,500,42000000,87570000000
003410,쌍용양회,16700,0.00,0.00,16750,16700,65510,1091580850,16850,17050,16350,5000,74660436,1.24683E+12
003620,쌍용차,9240,-10.00,-0.11,9250,9240,187904,1727446100,9250,9340,9000,5000,137220096,1.26791E+12
004770,써니전자,2270,-130.00,-5.42,2275,2270,1139574,2590584450,2390,2390,2230,500,26460000,60064200000
004920,씨아이테크,1285,-65.00,-4.81,1300,1285,1240460,1610170270,1315,1385,1225,500,27971071,35942826235
006490,씨앤피로엔,1725,-25.00,-1.43,1740,1725,504944,882955630,1790,1790,1725,500,61390999,1.05899E+11
112610,씨에스윈드,36700,-500.00,-1.34,36700,36650,61452,2259276850,36900,37750,35500,500,17285715,6.34386E+11
008700,아남전자,950,-85.00,-8.21,950,949,3240740,3153317853,1015,1030,920,500,77124820,73268579000
002790,아모레G,178500,7000,4.08,178500,178000,212577,37227189500,171500,178500,166500,500,79790980,1.42427E+13
090430,아모레퍼시픽,378500,-4000,-1.05,378500,378000,206877,76281297000,383000,383000,364000,500,58458490,2.21265E+13
090370,아비스타,5090,-50.00,-0.97,5100,5090,106968,544095760,5140,5220,5040,500,15634461,79579406490
002030,아세아,164000,0.00,0.00,164000,162500,6791,1085662500,164000,164500,155500,5000,2191024,3.59328E+11
183190,아세아시멘트,127000,-1500,-1.17,127500,127000,11782,1507205000,128500,129500,126000,5000,3295809,4.18568E+11
002310,아세아제지,27000,-350.00,-1.28,27000,26500,15157,401686800,27000,27100,26050,5000,8956502,2.41826E+11
083570,아시아10호,5100,-40.00,-0.78,5150,5010,21004,105120500,5020,5100,5000,5000,2607905,13300315500
083580,아시아11호,5100,40.00,0.79,5110,5100,3529,17997900,5100,5100,5100,5000,2607905,13300315500
083590,아시아12호,5100,-30.00,-0.58,5100,5030,2600,13155000,5030,5100,5030,5000,2607905,13300315500
083600,아시아13호,5160,0.00,0.00,5170,5040,0,0,0,0,0,5000,2607905,13456789800
083610,아시아14호,5080,0.00,0.00,5170,5080,0,0,0,0,0,5000,1946194,9886665520
083620,아시아15호,5100,0.00,0.00,5180,5090,0,0,0,0,0,5000,1946583,9927573300
020560,아시아나항공,5680,-340.00,-5.65,5690,5680,4008660,22892062100,5930,5960,5570,5000,195101365,1.10818E+12
122900,아이마켓코리아,31400,-50.00,-0.16,31400,31300,159079,4952925800,31150,31500,30600,500,35943340,1.12862E+12
010780,아이에스동서,75800,800.00,1.07,75800,75700,80734,6075848300,74500,76200,73500,500,27126504,2.05619E+12
033660,아주캐피탈,7000,90.00,1.30,7050,7000,42698,301456110,6910,7130,6860,5000,57545890,4.02821E+11
101140,아티스,1635,-40.00,-2.39,1635,1615,49280,79827210,1660,1780,1570,500,20027281,32744604435
001780,알루코,6680,150.00,2.30,6680,6670,548597,3627089590,6530,6730,6500,500,62814947,4.19604E+11
161000,애경유화,69300,800.00,1.17,69300,69200,5572,380965900,68700,69300,67600,5000,3204000,2.22037E+11
011090,에넥스,7010,210.00,3.09,7020,7010,3838833,27096098800,7000,7420,6790,500,59991641,4.20541E+11
093240,에리트베이직,2485,-50.00,-1.97,2485,2460,40034,99426175,2520,2540,2460,500,16198661,40253672585
005850,에스엘,18400,-400.00,-2.13,18600,18400,57739,1078293550,19000,19000,18400,500,33865090,6.23118E+11
012750,에스원,77300,-100.00,-0.13,77300,77200,51277,3951121300,76800,77800,76600,500,37999178,2.93734E+12
023960,에쓰씨엔지니어링,6490,960.00,17.36,6490,6420,344799,2191688260,5510,6870,5510,500,10176982,66048613180
078520,에이블씨엔씨,19600,-800.00,-3.92,19700,19600,224825,4448095750,19700,20250,19500,500,14003642,2.74471E+11
015260,에이엔피,1110,-15.00,-1.33,1115,1110,218890,244807945,1115,1135,1105,500,41901467,46510628370
036570,엔씨소프트,188000,-2500,-1.31,188500,188000,101421,19268189500,189000,194500,187500,500,21929022,4.12266E+12
138250,엔에스쇼핑,208000,-8000,-3.70,210000,208000,33736,6969083000,214000,215500,201500,5000,3369600,7.00877E+11
085310,엔케이,5450,-120.00,-2.15,5460,5450,1574023,8711009940,5530,5750,5370,500,48983352,2.66959E+11
069640,엠케이트렌드,19050,250.00,1.33,19100,19050,200766,3847443400,18750,19800,18600,500,12649515,2.40973E+11
014440,영보화학,5040,-180.00,-3.45,5050,5040,107012,542725870,5210,5210,5000,500,20000000,1.008E+11
111770,영원무역,60000,-900.00,-1.48,60000,59900,59336,3574613200,60300,61400,59600,500,44311468,2.65869E+12
009970,영원무역홀딩스,93600,300.00,0.32,93800,93600,5530,518607200,94000,95000,92400,500,13635592,1.27629E+12
003520,영진약품,1605,0.00,0.00,1615,1605,1277902,2058667315,1600,1635,1580,500,177620000,2.8508E+11
000670,영풍,1342000,26000,1.98,1342000,1341000,784,1042840000,1318000,1349000,1309000,5000,1842040,2.47202E+12
006740,영풍제지,2120,-65.00,-2.97,2130,2120,40923,86972775,2185,2195,2100,500,22200000,47064000000
012280,영화금속,1455,-20.00,-1.36,1455,1450,161970,234984100,1480,1480,1440,500,45451006,66131213730
012160,영흥철강,2175,-155.00,-6.65,2180,2175,454663,1014408140,2320,2340,2175,500,78389202,1.70497E+11
015360,예스코,37100,-300.00,-0.80,37350,37100,1615,60129050,37400,37400,36950,5000,6000000,2.226E+11
007310,오뚜기,721000,-6000,-0.83,721000,720000,4198,3016145000,727000,727000,707000,5000,3440000,2.48024E+12
002630,오리엔트바이오,668,-28.00,-4.02,670,668,5807108,3998152593,685,739,651,500,100299535,67000089380
001800,오리온,1095000,-50000,-4.37,1095000,1094000,37409,40873242000,1138000,1138000,1076000,5000,5975363,6.54302E+12
010600,와이비로드,2280,-5.00,-0.22,2280,2275,151736,351979430,2295,2380,2240,500,15249884,34769735520
004720,우리들제약,7150,-150.00,-2.05,7150,7140,124990,899614400,7150,7500,7060,500,8147358,58253609700
118000,우리들휴브레인,3460,-500.00,-12.63,3470,3460,736117,2668352165,4000,4005,3345,500,10553044,36513532240
000030,우리은행,9880,-170.00,-1.69,9930,9880,2325359,23148444430,10050,10100,9870,5000,676278371,6.68163E+12
010050,우리종금,616,-19.00,-2.99,617,616,7410840,4530875985,629,630,588,500,474203406,2.92109E+11
006980,우성사료,3170,-120.00,-3.65,3175,3170,374674,1212378020,3305,3310,3170,500,30900000,97953000000
017370,우신시스템,3555,-95.00,-2.60,3560,3555,226870,812225295,3690,3695,3395,500,15859354,56380003470
105840,우진,7330,-120.00,-1.61,7340,7330,48971,357236030,7450,7450,7230,500,17360000,1.27249E+11
049800,우진플라임,4210,40.00,0.96,4210,4205,8364,34995770,4170,4235,4120,500,10000000,42100000000
016880,웅진,2270,-5.00,-0.22,2275,2270,131401,301226645,2340,2360,2270,500,52866795,1.20008E+11
095720,웅진씽크빅,10250,0.00,0.00,10300,10250,156225,1598623580,10100,10400,9910,500,34621165,3.54867E+11
103130,웅진에너지,1350,-40.00,-2.88,1360,1350,181489,248159825,1390,1395,1350,500,73983578,99877830300
005820,원림,25500,-500.00,-1.92,25500,25400,382,9815950,25800,26500,25500,5000,2200000,56100000000
008600,윌비스,1605,10.00,0.63,1610,1605,1113410,1803327485,1605,1650,1590,1000,57000000,91485000000
033270,유나이티드제약,22200,800.00,3.74,22200,22050,102374,2238735650,21100,22200,21100,500,16207322,3.59803E+11
014830,유니드,64000,200.00,0.31,64200,64000,13803,883822200,63100,64300,63100,5000,6585069,4.21444E+11
000910,유니온,4070,-30.00,-0.73,4090,4070,22887,93758730,4100,4180,4070,500,15611619,63539289330
011330,유니켐,714,-90.00,-11.19,726,714,312137,236728234,790,815,714,500,63317872,45208960608
077500,유니퀘스트,4130,-40.00,-0.96,4130,4120,77248,319249340,4160,4195,4085,500,26978966,1.11423E+11
002920,유성기업,4840,-60.00,-1.22,4850,4840,30608,148510055,4880,4880,4835,500,25947500,1.25586E+11
000700,유수홀딩스,12200,50.00,0.41,12250,12200,161962,1968080950,12000,12350,11800,2500,26041812,3.1771E+11
003470,유안타증권,5600,-140.00,-2.44,5610,5600,1402241,7924470880,5530,5800,5520,5000,199577435,1.11763E+12
011690,유양디앤유,1375,25.00,1.85,1375,1370,383417,525730670,1350,1420,1340,500,37372340,51386967500
072130,유엔젤,5280,150.00,2.92,5290,5280,170522,891586690,5070,5400,5070,500,13195454,69671997120
000220,유유제약,10900,-950.00,-8.02,10950,10900,130156,1472847450,11650,11950,10800,1000,6100019,66490207100
001200,유진투자증권,3240,-95.00,-2.85,3240,3235,407100,1342267895,3280,3375,3235,5000,96866418,3.13847E+11
000100,유한양행,244000,7000,2.95,244500,244000,63143,15248472000,236500,246000,233500,5000,11152546,2.72122E+12
003460,유화증권,14500,150.00,1.05,14500,14450,733,10673000,14400,14700,14400,5000,11340483,1.64437E+11
008730,율촌화학,12250,-50.00,-0.41,12250,12200,23468,287560250,12200,12350,12200,500,24800000,3.038E+11
008250,이건산업,20850,-600.00,-2.80,20950,20850,103900,2206249400,21400,21750,20650,5000,9352731,1.95004E+11
025820,이구산업,1275,10.00,0.79,1275,1265,15875,20027255,1270,1280,1240,500,33442000,42638550000
139480,이마트,231500,1000,0.43,233000,231500,39868,9283410000,232000,235000,227500,5000,27875819,6.45325E+12
007660,이수페타시스,6120,-260.00,-4.08,6120,6110,546493,3371965690,6420,6420,6030,1000,41268398,2.52563E+11
005950,이수화학,10600,0.00,0.00,10600,10550,103834,1101962950,10600,10900,10250,5000,15278000,1.61947E+11
015020,이스타코,2120,-5.00,-0.24,2130,2120,207283,439410805,2125,2185,2090,500,42851600,90845392000
093230,이아이디,675,4.00,0.60,675,673,541867,358429804,671,676,650,200,40029139,27019668825
074610,이엔쓰리,1525,5.00,0.33,1535,1525,300088,465613005,1535,1600,1510,500,16186294,24684098350
102460,이연제약,42750,-1250,-2.84,42750,42700,115408,5028415150,43500,44950,42500,500,12900000,5.51475E+11
084680,이월드,2110,-70.00,-3.21,2120,2110,411745,873444740,2100,2155,2075,1000,87225824,1.84046E+11
138440,이코리아리츠,1930,0.00,0.00,0,0,0,0,0,0,0,5000,2794600,5393578000
000760,이화산업,26000,-900.00,-3.35,26000,25850,12646,328055450,27000,27000,25100,5000,2800000,72800000000
014990,인디에프,2910,-180.00,-5.83,2910,2900,316580,944431265,3030,3155,2810,500,58932995,1.71495E+11
023800,인지컨트롤스,6030,80.00,1.34,6030,6010,47059,279303270,5950,6040,5800,500,15160128,91415571840
034590,인천도시가스,34300,100.00,0.29,34500,34300,1790,61515850,34400,34500,34050,5000,4374754,1.50054E+11
129260,인터지스,3825,170.00,4.65,3825,3820,66895,241995085,3655,3830,3545,500,29742762,1.13766E+11
023810,인팩,6200,-40.00,-0.64,6210,6200,59779,369572290,6150,6360,6010,500,10000000,62000000000
000230,일동제약,27950,-300.00,-1.06,27950,27900,527239,14849531400,28700,29200,27450,1000,25068065,7.00652E+11
013360,일성건설,6370,-80.00,-1.24,6370,6360,979,6312110,6500,6500,6370,5000,5340364,34018118680
003120,일성신약,133000,-5500,-3.97,134000,133000,5664,764913500,138000,140000,131500,5000,2660000,3.5378E+11
003200,일신방직,195000,-500.00,-0.26,197000,195000,263,51615500,199000,199000,192500,5000,2400000,4.68E+11
007110,일신석재,1100,15.00,1.38,1100,1095,1254551,1349579050,1085,1110,1055,500,77456610,85202271000
007570,일양약품,48000,350.00,0.73,48000,47950,242606,11509732750,47700,48250,46400,2500,17895256,8.58972E+11
008500,일정실업,28450,50.00,0.18,28550,28450,788,22409850,28700,28700,28100,5000,1200000,34140000000
081000,일진다이아,6360,-10.00,-0.16,6390,6360,10128,64506400,6370,6460,6310,1000,11277975,71727921000
020760,일진디스플,9420,150.00,1.62,9460,9420,589835,5532806740,9110,9650,8990,500,28314440,2.66722E+11
020150,일진머티리얼즈,7520,-60.00,-0.79,7530,7520,47422,355627540,7580,7630,7430,500,39200000,2.94784E+11
103590,일진전기,6490,-210.00,-3.13,6510,6490,124592,818875900,6700,6800,6490,1000,37080390,2.40652E+11
015860,일진홀딩스,6100,100.00,1.67,6110,6100,294944,1800534790,6000,6180,5980,1000,49347483,3.0102E+11
033240,자화전자,11850,-350.00,-2.87,12000,11850,69743,842680900,12200,12400,11850,500,17900000,2.12115E+11
000950,전방,52500,-3700,-6.58,52700,52500,9506,511094100,56100,57000,52400,5000,1680000,88200000000
030000,제일기획,17650,-350.00,-1.94,17650,17600,460188,8074029050,17950,18000,17300,200,115041225,2.03048E+12
028260,제일모직,169000,-13000,-7.14,169500,169000,561124,96000219000,180000,180000,166000,100,135000000,2.2815E+13
002620,제일약품,39850,-150.00,-0.38,39850,39800,20368,808492150,39900,40400,39250,500,14850000,5.91773E+11
001560,제일연마,8120,70.00,0.87,8120,8050,738,5919960,8010,8180,7960,500,10000000,81200000000
006220,제주은행,10700,250.00,2.39,10700,10550,46333,489056900,10550,10750,10250,5000,22128774,2.36778E+11
004910,조광페인트,14700,-100.00,-0.68,14700,14650,50748,746544550,14700,14900,14450,500,12800000,1.8816E+11
004700,조광피혁,127000,2000,1.60,127000,126500,10309,1300046500,125000,127500,123000,5000,6649138,8.44441E+11
001550,조비,15050,-400.00,-2.59,15050,15000,71061,1060361650,14900,15500,14250,5000,3926628,59095751400
000480,조선내화,109500,500.00,0.46,110000,109500,1318,145059000,109000,111500,109000,5000,4000000,4.38E+11
120030,조선선재,83900,-3700,-4.22,83900,83300,6510,549703700,88500,88500,82600,500,1257651,1.05517E+11
018470,조일알미늄,1330,-75.00,-5.34,1335,1330,585325,796137975,1405,1410,1315,500,69600000,92568000000
002600,조흥,137500,500.00,0.36,137500,136000,110,15223500,137000,145000,136500,5000,600000,82500000000
185750,종근당,91400,-800.00,-0.87,91400,91300,115676,10572527100,91900,93500,89900,2500,9409050,8.59987E+11
063160,종근당바이오,23200,-1600,-6.45,23250,23200,114941,2707873600,24800,24800,22750,2500,5229489,1.21324E+11
001630,종근당홀딩스,97600,-900.00,-0.91,97600,97500,47026,4633399900,99900,100500,97500,2500,4477766,4.3703E+11
044380,주연테크,641,21.00,3.39,642,641,232412,146806468,621,647,590,100,42900000,27498900000
007630,지에스인스트루,2650,-100.00,-3.64,2675,2650,29592,79772930,2835,2835,2645,500,11787198,31236074700
013870,지엠비코리아,5880,-80.00,-1.34,5880,5850,19539,114033560,5940,5940,5790,500,19072280,1.12145E+11
071320,지역난방공사,80300,-1000,-1.23,80300,80200,15786,1272436600,80300,81500,79300,5000,11578744,9.29773E+11
010580,지코,604,-17.00,-2.74,604,600,45682,27254340,605,618,586,500,27712680,16738458720
088790,진도,5200,230.00,4.63,5270,5200,61665,304323460,4900,5380,4800,500,10193113,53004187600
003780,진양산업,2910,-5.00,-0.17,2920,2910,36108,105395725,2925,2940,2910,500,13000000,37830000000
010640,진양폴리,2650,60.00,2.32,2650,2645,50704,134015040,2530,2700,2530,500,10000000,26500000000
100250,진양홀딩스,4180,-80.00,-1.88,4205,4180,76746,322871890,4260,4260,4175,500,55895292,2.33642E+11
051630,진양화학,4350,-15.00,-0.34,4350,4310,28733,124547550,4355,4390,4295,500,12000000,52200000000
011000,진원생명과학,14500,2950,25.54,14550,14500,10569190,1.4195E+11,12200,14500,11700,1000,16083963,2.33217E+11
002780,진흥기업,2060,70.00,3.52,2080,2060,580571,1242063915,1970,2290,1950,500,152562189,3.14278E+11
009310,참엔지니어링,1430,0.00,0.00,0,0,0,0,0,0,0,500,32639841,46674972630
000650,천일고속,100000,-13000,-11.50,100500,99900,24931,2562651700,114500,115500,99000,5000,1429220,1.42922E+11
012600,청호컴넷,7150,50.00,0.70,7150,7010,18791,131713340,7050,7220,6900,5000,6106308,43660102200
033250,체시스,1300,-45.00,-3.35,1310,1300,306392,417485480,1345,1425,1290,500,16590525,21567682500
006380,카프로,2810,-95.00,-3.27,2815,2810,433393,1246652650,2900,3000,2795,500,40000000,1.124E+11
021960,케이비캐피탈,23600,-150.00,-0.63,23600,23250,3647,85355400,23800,23800,23250,5000,21492128,5.07214E+11
029460,케이씨텍,13300,250.00,1.92,13300,13250,235335,3155770300,13200,13650,13050,500,33393384,4.44132E+11
145270,케이탑리츠,5870,0.00,0.00,5870,5800,17700,102435680,5900,5900,5730,5000,5421000,31821270000
058860,케이티스,5630,-270.00,-4.58,5640,5630,499385,2849829220,5710,5930,5580,500,34802000,1.95935E+11
090970,코리아01호,5160,-40.00,-0.77,5280,5070,134,691440,5160,5160,5160,5000,2191080,11305972800
090980,코리아02호,5030,-260.00,-4.91,5270,5030,5,24770,5140,5140,4800,5000,2191080,11021132400
090990,코리아03호,5160,0.00,0.00,5160,5120,373,1924680,5160,5160,5160,5000,2191080,11305972800
091000,코리아04호,5160,0.00,0.00,5160,5130,0,0,0,0,0,5000,2191080,11305972800
007810,코리아써키트,9970,-430.00,-4.13,9970,9960,174179,1756046630,10200,10300,9970,500,23620751,2.35499E+11
003690,코리안리,11150,-250.00,-2.19,11200,11150,160434,1804458850,11300,11400,11150,500,120369116,1.34212E+12
192820,코스맥스,229000,1500,0.66,229500,229000,168941,39152466500,221000,243000,221000,500,8999509,2.06089E+12
044820,코스맥스비티아이,71400,1200,1.71,71800,71400,108839,7997995100,70200,78000,67100,500,9603921,6.8572E+11
005070,코스모신소재,3245,-45.00,-1.37,3245,3225,37088,120228755,3250,3295,3220,5000,14987968,48635956160
005420,코스모화학,5670,-350.00,-5.81,5670,5650,80525,470352320,5990,5990,5670,5000,13328444,75572277480
071950,코아스,2280,150.00,7.04,2280,2275,3645291,8230506830,2120,2385,2050,500,29558465,67393300200
002020,코오롱,80200,-4700,-5.54,80400,80200,260855,21592903900,85600,89400,79600,5000,12061185,9.67307E+11
003070,코오롱글로벌,21000,-1400,-6.25,21050,21000,117513,2514586850,22400,22450,20400,5000,16438510,3.45209E+11
144620,코오롱머티리얼,10300,50.00,0.49,10300,10200,2338,24029550,10250,10450,10100,5000,9000000,92700000000
120110,코오롱인더,64500,-2800,-4.16,64900,64500,120971,7966501200,66700,67800,64500,5000,25107330,1.61942E+12
138490,코오롱플라스틱,6670,80.00,1.21,6680,6670,57620,384813630,6530,6770,6530,1000,29000000,1.9343E+11
021240,코웨이,87700,-1300,-1.46,87800,87700,116712,10290171300,89600,90400,87400,500,77124796,6.76384E+12
121550,코크렙15호,3995,-5.00,-0.13,3995,3855,0,0,0,0,0,5000,12400000,49538000000
031820,콤텍시스템,1410,5.00,0.36,1410,1405,55432,77890920,1425,1425,1385,500,31851466,44910567060
192400,쿠쿠전자,265000,-6500,-2.39,265000,264000,33903,9039951000,273000,276000,261000,500,9803360,2.59789E+12
005740,크라운제과,564000,-10000,-1.74,564000,563000,10922,6231886000,576000,584000,555000,5000,1473524,8.31068E+11
012170,키스톤글로벌,835,23.00,2.83,835,834,2970783,2397131130,807,835,770,500,79695799,66545992165
039490,키움증권,68800,-1200,-1.71,69000,68800,29773,2067767400,70000,71100,68600,5000,22099740,1.52046E+12
015890,태경산업,6220,40.00,0.65,6220,6190,6539,40489590,6180,6250,6180,500,29228750,1.81803E+11
006890,태경화학,6530,-30.00,-0.46,6530,6510,25167,164219000,6510,6570,6460,500,11600000,75748000000
003240,태광산업,1360000,-8000,-0.58,1365000,1360000,1454,1962274000,1393000,1398000,1329000,5000,1113400,1.51422E+12
011280,태림포장,3420,-30.00,-0.87,3420,3410,239945,814743425,3410,3445,3260,500,70805940,2.42156E+11
004100,태양금속,1985,455.00,29.74,0,1985,6723048,12665062135,1550,1985,1550,500,36700000,72849500000
009410,태영건설,5970,-150.00,-2.45,5990,5970,79953,481659360,6130,6150,5950,500,76400000,4.56108E+11
001420,태원물산,3165,-175.00,-5.24,3180,3165,191875,599018185,3210,3300,3000,500,7600000,24054000000
007980,태평양물산,4510,75.00,1.69,4510,4500,182326,815733900,4435,4560,4395,500,39631337,1.78737E+11
078000,텔코웨어,14100,0.00,0.00,14200,14100,9922,141755900,14000,14400,14000,500,9702706,1.36808E+11
140890,트러스제7호,4640,0.00,0.00,4650,4620,0,0,0,0,0,5000,9686000,44943040000
019180,티에이치엔,1380,30.00,2.22,1380,1355,10033,13719520,1360,1400,1335,500,18000000,24840000000
004870,티웨이홀딩스,9350,-280.00,-2.91,9350,9300,218593,2011580930,9220,9540,9040,500,15784325,1.47583E+11
008900,티이씨앤코,1555,-45.00,-2.81,1555,1550,92740,146883795,1640,1645,1555,500,16242217,25256647435
134790,팀스,14750,100.00,0.68,14800,14750,7253,106256050,14450,15250,14000,500,2000000,29500000000
005690,파미셀,4100,-170.00,-3.98,4105,4100,1415663,5934429620,4245,4360,4050,500,55900812,2.29193E+11
036580,팜스코,17750,-550.00,-3.01,17750,17650,163046,2904341750,18150,18200,17550,500,36727943,6.51921E+11
028670,팬오션,3055,20.00,0.66,3060,3055,4857256,15085568670,3100,3240,3020,1000,228560885,6.98254E+11
010820,퍼스텍,4025,-75.00,-1.83,4030,4025,860930,3474839870,4015,4140,3965,500,46764840,1.88228E+11
016800,퍼시스,30750,150.00,0.49,30750,30550,4932,150974150,30800,31000,30300,1000,11500000,3.53625E+11
001020,페이퍼코리아,870,0.00,0.00,872,870,3337190,2965388759,856,914,847,500,136993945,1.19185E+11
090080,평화산업,1520,-10.00,-0.65,1520,1515,23657,36120960,1545,1550,1500,500,37403844,56853842880
010770,평화홀딩스,3690,-20.00,-0.54,3690,3685,19824,72698225,3670,3725,3605,500,14625466,53967969540
058430,포스코강판,18200,200.00,1.11,18200,18150,1470,26745650,18250,18450,17700,5000,6000000,1.092E+11
051310,포스코플랜텍,1605,-135.00,-7.76,1610,1605,610102,996106640,1680,1715,1570,500,180834946,2.9024E+11
017810,풀무원,206500,-4000,-1.90,207000,206500,10658,2176828500,207500,212000,200000,5000,3809095,7.86578E+11
103140,풍산,28600,350.00,1.24,28600,28550,302299,8715255700,29500,29550,28250,5000,28024278,8.01494E+11
005810,풍산홀딩스,44750,450.00,1.02,44850,44750,7482,333101300,44900,44950,44200,5000,7835167,3.50624E+11
033180,필룩스,2400,20.00,0.84,2400,2390,119736,289068405,2365,2470,2345,500,25309239,60742173600
086790,하나금융지주,28000,-150.00,-0.53,28050,28000,770745,21576413300,28000,28150,27750,5000,296003062,8.28809E+12
039130,하나투어,116000,-5500,-4.53,116500,116000,69173,8188430500,118000,120500,115500,500,11616185,1.34748E+12
172580,하이골드12호,3410,-5.00,-0.15,3440,3410,327,1117620,3440,3445,3405,5000,13044500,44481745000
139200,하이골드2호,2675,110.00,4.29,2675,2555,3854,9990975,2550,2705,2550,5000,13339907,35684251225
153360,하이골드3호,2900,0.00,0.00,2875,2765,9,26100,2900,2900,2900,5000,16149790,46834391000
159650,하이골드8호,3235,-260.00,-7.44,3280,3235,27048,87788735,3450,3450,3215,5000,14905929,48220680315
071090,하이스틸,21800,-850.00,-3.75,21950,21800,7240,160760550,22650,23000,21650,5000,1999944,43598779200
019490,하이트론,5290,-170.00,-3.11,5380,5290,2109,11195310,5370,5460,5280,2500,5530735,29257588150
000080,하이트진로,20900,-450.00,-2.11,20900,20850,228015,4796708700,21450,21450,20850,5000,70133611,1.46579E+12
000140,하이트진로홀딩스,13950,-300.00,-2.11,14000,13950,19004,268290350,14500,14550,13900,5000,23206765,3.23734E+11
036460,한국가스공사,45950,-1050,-2.23,45950,45900,222047,10258400600,47100,47150,45950,5000,92313000,4.24178E+12
005430,한국공항,34800,-2500,-6.70,35150,34800,20879,742486500,37300,37300,34800,5000,3166355,1.10189E+11
071050,한국금융지주,61900,-1400,-2.21,62000,61900,79235,4950183800,62900,64600,61300,5000,55725992,3.44944E+12
010040,한국내화,4480,-70.00,-1.54,4490,4480,129656,579436040,4550,4550,4385,500,22863632,1.02429E+11
025540,한국단자,87600,1100,1.27,87900,87600,19927,1730352300,88700,88700,84600,500,10415000,9.12354E+11
004090,한국석유,99800,-2700,-2.63,100000,99800,6021,610206300,103000,104500,98400,5000,655200,65388960000
002960,한국쉘석유,472000,2500,0.53,472000,471500,1101,517405500,470500,474000,466000,5000,1300000,6.136E+11
002000,한국유리,31300,-200.00,-0.63,31350,31100,1059,33118850,32800,32800,30600,5000,10079660,3.15493E+11
015760,한국전력,43800,300.00,0.69,43850,43800,1266926,55650120450,43000,44650,42600,5000,641964077,2.8118E+13
006200,한국전자홀딩스,1195,-10.00,-0.83,1205,1195,113507,136952890,1205,1225,1185,500,37513496,44828627720
002300,한국제지,33750,-750.00,-2.17,33800,33750,3357,113967100,33650,34450,33650,5000,5004949,1.68917E+11
023350,한국종합기술,5790,250.00,4.51,5800,5790,98897,564377690,5560,5830,5470,500,10950000,63400500000
025890,한국주강,3050,-165.00,-5.13,3050,3045,9937,30711645,3120,3185,3050,500,11309259,34493239950
000970,한국주철관,16100,-2300,-12.50,16150,16100,707077,11878150700,17650,17950,15900,500,22800500,3.67088E+11
104700,한국철강,48000,-2000,-4.00,48050,48000,23873,1167310050,51600,51900,47800,5000,9210000,4.4208E+11
017960,한국카본,7500,-500.00,-6.25,7500,7490,1246291,9481532550,7820,7900,7420,500,40996887,3.07477E+11
161890,한국콜마,110000,0.00,0.00,110000,109500,1770994,2.06403E+11,111000,131500,106000,500,21100151,2.32102E+12
024720,한국콜마홀딩스,73600,8300,12.71,73600,73500,445878,32792851400,66300,81900,63800,500,16391930,1.20645E+12
161390,한국타이어,41950,800.00,1.94,42000,41950,260582,10924572500,41500,42150,41200,500,123875069,5.19656E+12
000240,한국타이어월드와이드,17600,-200.00,-1.12,17600,17550,164027,2880885150,17850,17950,17250,500,93020173,1.63716E+12
007280,한국특수형강,2475,25.00,1.02,2475,2460,59619,146466035,2440,2500,2385,500,10000000,24750000000
010100,한국프랜지,15150,-550.00,-3.50,15200,15150,13381,204069750,15600,15600,15150,5000,6090084,92264772600
047810,한국항공우주,69600,100.00,0.14,69700,69600,218265,15172916400,69500,70300,68700,5000,97475107,6.78427E+12
123690,한국화장품,13500,-900.00,-6.25,13550,13500,327711,4418297850,13900,14300,12850,500,16068000,2.16918E+11
003350,한국화장품제조,37000,-2600,-6.57,37450,37000,57685,2138780000,38450,38450,34550,500,4532000,1.67684E+11
011500,한농화성,4100,-50.00,-1.20,4100,4065,17083,69696680,4160,4160,4055,500,15637042,64111872200
002390,한독,38900,650.00,1.70,38950,38900,84273,3264018150,38500,39750,37800,500,12594080,4.8991E+11
014790,한라,4940,-10.00,-0.20,4940,4910,190112,929238135,5030,5040,4750,5000,33494942,1.65465E+11
018880,한라비스테온공조,36000,0.00,0.00,36050,36000,194433,6989976300,36250,36500,35050,500,106760000,3.84336E+12
060980,한라홀딩스,57700,-400.00,-0.69,57800,57700,50748,2932423300,58100,58800,57000,5000,10802691,6.23315E+11
053690,한미글로벌,14350,350.00,2.50,14400,14350,147558,2112136250,14150,14600,13900,500,9291481,1.33333E+11
042700,한미반도체,13600,350.00,2.64,13650,13600,102307,1395476300,13200,13800,13050,500,25432841,3.45887E+11
008930,한미사이언스,88200,-2700,-2.97,88500,88200,625408,55575715800,91500,94900,85200,500,57185523,5.04376E+12
128940,한미약품,459000,-13000,-2.75,459500,459000,158364,73990465500,468000,489500,457000,2500,10230909,4.69599E+12
009240,한샘,264500,-500.00,-0.19,265500,264500,96635,25476364500,255000,269000,255000,1000,23533928,6.22472E+12
020000,한섬,35150,-1650,-4.48,35300,35150,141813,5000236600,36400,37200,34700,500,24630000,8.65745E+11
003680,한성기업,7680,-330.00,-4.12,7740,7680,17898,139020440,7920,8080,7660,5000,5477951,42070663680
105630,한세실업,38650,-100.00,-0.26,38850,38650,106451,4171104950,38750,39550,38350,500,40000000,1.546E+12
016450,한세예스24홀딩스,21800,150.00,0.69,21800,21750,66083,1409232700,21850,21900,20000,500,40000000,8.72E+11
010420,한솔PNS,1220,-60.00,-4.69,1225,1220,194966,242492440,1275,1275,1220,500,27590997,33661016340
009180,한솔로지스틱스,3580,-100.00,-2.72,3600,3580,608575,2241519690,3680,3925,3500,500,48003452,1.71852E+11
007190,한솔아트원제지,1705,-70.00,-3.94,1715,1705,88739,152562540,1760,1760,1700,1000,38478081,65605128105
213500,한솔제지,21300,-1350,-5.96,21300,21250,265527,5778391150,22800,22800,21250,5000,16536509,3.52228E+11
014680,한솔케미칼,92200,200.00,0.22,92500,92200,49680,4549189300,91900,93000,89600,5000,11295195,1.04142E+12
004710,한솔테크닉스,24550,50.00,0.20,24600,24550,469209,11759100650,24550,25700,24100,5000,21054657,5.16892E+11
004150,한솔홀딩스,9020,-440.00,-4.65,9040,9020,287666,2650077470,9360,9550,9010,5000,27087961,2.44333E+11
025750,한솔홈데코,1540,10.00,0.65,1545,1540,1526968,2398292140,1515,1615,1515,1000,76096092,1.17188E+11
004960,한신공영,21000,650.00,3.19,21000,20700,90092,1878101250,20500,21050,20200,5000,9908391,2.08076E+11
011700,한신기계,2130,-30.00,-1.39,2145,2130,570602,1228248725,2130,2185,2115,500,32446151,69110301630
001750,한양증권,8290,-190.00,-2.24,8300,8290,30797,257216920,8380,8500,8290,5000,12728534,1.0552E+11
009420,한올바이오파마,8800,-30.00,-0.34,8810,8800,1161599,10341787000,8910,9300,8560,500,41803738,3.67873E+11
014130,한익스프레스,96200,-3800,-3.80,96300,96200,22337,2135487100,98100,101000,91500,5000,1200000,1.1544E+11
003300,한일시멘트,154000,-5000,-3.14,154500,154000,28587,4436542000,158500,160500,152000,5000,7545313,1.16198E+12
200880,한일이화,13750,0.00,0.00,13800,13750,105934,1467894450,13700,14100,13450,500,27028437,3.71641E+11
002220,한일철강,23450,-350.00,-1.47,23450,23300,3507,82084800,24200,24200,23250,5000,2040000,47838000000
051600,한전KPS,125000,4500,3.73,125500,125000,131237,16404512500,120500,129000,119500,200,45000000,5.625E+12
052690,한전기술,38200,-1500,-3.78,38300,38200,172183,6683711000,39150,40050,38200,200,38220000,1.46E+12
130660,한전산업,4650,-30.00,-0.64,4660,4650,58369,270481180,4655,4730,4600,500,32600000,1.5159E+11
002320,한진,50200,-2700,-5.10,50300,50200,81575,4117702850,51700,52200,49550,5000,11974656,6.01128E+11
097230,한진중공업,5050,20.00,0.40,5090,5050,638948,3274646840,5030,5240,5030,5000,102288465,5.16557E+11
003480,한진중공업홀딩스,8600,130.00,1.53,8600,8590,53566,457758980,8470,8700,8370,5000,29529812,2.53956E+11
180640,한진칼,24900,-2300,-8.46,24950,24900,1157446,29549882200,27100,27100,24800,2500,52482995,1.30683E+12
117930,한진해운,5670,40.00,0.71,5670,5660,789690,4486581630,5640,5820,5610,5000,245269941,1.39068E+12
005110,한창,2080,-35.00,-1.65,2080,2075,780797,1609022980,2040,2135,1990,500,34458589,71673865120
009460,한창제지,796,14.00,1.79,796,787,250207,198342977,799,810,782,500,59667486,47495318856
000880,한화,42450,100.00,0.24,42600,42450,182913,7791807150,42250,43250,41800,5000,74958735,3.182E+12
027390,한화갤러리아타임월드,56400,-2600,-4.41,56500,56400,10739,608070400,59100,59100,56200,5000,6000000,3.384E+11
088350,한화생명,7870,10.00,0.13,7880,7870,683623,5337844220,7760,7890,7660,5000,868530000,6.83533E+12
000370,한화손해보험,5790,-10.00,-0.17,5800,5790,262645,1525505640,5760,5870,5720,5000,90738915,5.25378E+11
009830,한화케미칼,21300,700.00,3.40,21300,21250,2406202,50987265850,20650,21500,20450,5000,161939571,3.44931E+12
003530,한화투자증권,5350,-150.00,-2.73,5350,5340,251551,1360018250,5420,5560,5320,5000,83355651,4.45953E+11
025850,한화화인케미칼,27450,1150,4.37,27450,27400,56216,1544596800,26450,29000,25400,5000,3800000,1.0431E+11
015540,핫텍,6250,-210.00,-3.25,6300,6250,190750,1207010960,6250,6550,6120,500,28227587,1.76422E+11
089470,현대EP,8000,200.00,2.56,8000,7990,235017,1873676560,7790,8080,7750,500,31900000,2.552E+11
000720,현대건설,43450,-250.00,-0.57,43650,43450,541540,23635031300,43650,44250,42850,5000,111355765,4.83841E+12
005440,현대그린푸드,20400,0.00,0.00,20550,20400,324177,6731956800,20450,21100,20150,500,97704482,1.99317E+12
086280,현대글로비스,226000,-3000,-1.31,226500,226000,85348,19126965500,223500,228000,221500,500,37500000,8.475E+12
064350,현대로템,22850,100.00,0.44,22850,22800,361541,8227858050,22700,22950,22350,5000,85000000,1.94225E+12
079430,현대리바트,59000,2000,3.51,59000,58900,230665,13545214500,56900,60500,56200,1000,17261650,1.01844E+12
012330,현대모비스,215000,2000,0.94,215500,215000,166768,36087383000,213000,218500,210500,5000,97343863,2.09289E+13
010620,현대미포조선,68600,100.00,0.15,68700,68600,86244,5927913900,67500,69700,67400,5000,20000000,1.372E+12
069960,현대백화점,142000,500.00,0.35,142500,142000,70114,9949434000,140000,143500,139000,5000,23402441,3.32315E+12
004560,현대비앤지스틸,12200,-350.00,-2.79,12250,12200,68932,847886300,12550,12550,12200,5000,15078811,1.83961E+11
012630,현대산업,61600,800.00,1.32,61600,61500,254319,14479559000,61400,62100,60700,5000,75384180,4.64367E+12
011760,현대상사,36400,-1400,-3.70,36450,36400,285978,10238167950,36800,37500,34650,5000,22329802,8.12805E+11
011200,현대상선,7210,270.00,3.89,7220,7210,5268499,37661822820,7250,7380,6920,5000,204273229,1.47281E+12
006390,현대시멘트,16900,-450.00,-2.59,16950,16900,2185,37705400,17350,17950,16800,5000,8754954,1.47959E+11
004310,현대약품,4310,-75.00,-1.71,4375,4310,423392,1829778955,4340,4465,4130,500,28000000,1.2068E+11
126560,현대에이치씨엔,4245,-10.00,-0.24,4250,4245,89034,378012625,4265,4265,4205,500,107892760,4.58005E+11
017800,현대엘리베이,82200,2500,3.14,82300,82200,137120,11152329800,79800,82600,78000,5000,19632513,1.61379E+12
011210,현대위아,114500,-5500,-4.58,115000,114500,177928,20706823000,118000,119500,114500,5000,27195083,3.11384E+12
004020,현대제철,69700,100.00,0.14,69700,69600,443865,30812944900,69400,70200,68100,5000,116549784,8.12352E+12
009540,현대중공업,117500,500.00,0.43,118000,117500,164266,19481763000,115500,120500,115000,5000,76000000,8.93E+12
003450,현대증권,8950,-250.00,-2.72,8960,8950,1086559,9823551460,9170,9270,8840,5000,236612530,2.11768E+12
005380,현대차,136500,500.00,0.37,137000,136500,465681,63492973000,136500,137500,134500,5000,220276479,3.00677E+13
011720,현대페인트,2215,-85.00,-3.70,2230,2215,555858,1239313620,2285,2285,2200,500,28031436,62089630740
010520,현대하이스코,58600,-700.00,-1.18,58900,58600,91790,5399086000,59000,59600,57900,5000,22807950,1.33655E+12
001450,현대해상,26750,50.00,0.19,26900,26750,428181,11494987500,26500,27050,26250,500,89400000,2.39145E+12
057050,현대홈쇼핑,124500,2000,1.63,124500,123500,43177,5305284000,121500,125000,120000,5000,12000000,1.494E+12
003010,혜인,3535,40.00,1.14,3535,3520,37471,131830740,3500,3560,3480,500,12712747,44939560645
008770,호텔신라,104500,-4500,-4.13,104500,104000,506332,52937139500,107000,108000,103000,5000,39248121,4.10143E+12
002460,화성산업,20450,50.00,0.25,20450,20400,92877,1922373400,20300,21200,19950,5000,12450800,2.54619E+11
013520,화승알앤에이,35250,750.00,2.17,35250,35000,27690,966497400,34050,35300,33800,5000,6456121,2.27578E+11
006060,화승인더,2440,320.00,15.09,2440,2435,11817564,28445471300,2210,2575,2205,500,55320000,1.34981E+11
010690,화신,6350,10.00,0.16,6370,6350,133939,859512890,6340,6610,6280,500,34920410,2.21745E+11
133820,화인베스틸,3690,15.00,0.41,3705,3690,52893,194150780,3635,3715,3635,500,32100000,1.18449E+11
010660,화천기계,31300,100.00,0.32,31300,31250,82,2565250,31100,31500,31000,5000,2200000,68860000000
000850,화천기공,68000,-700.00,-1.02,68700,68000,1767,122109300,67900,69500,67900,5000,2200000,1.496E+11
016580,환인제약,22000,850.00,4.02,22000,21950,67011,1465679000,21150,22050,21000,500,18600070,4.09202E+11
032560,황금에스티,6040,-10.00,-0.17,6040,6010,43473,261017370,6050,6110,5890,500,14000000,84560000000
004800,효성,130500,500.00,0.38,131000,130500,129250,16932982000,127000,133500,126000,5000,35117455,4.58283E+12
094280,효성ITX,13350,-450.00,-3.26,13450,13350,83730,1132919300,13900,13950,13350,500,11558200,1.54302E+11
093370,후성,4775,95.00,2.03,4780,4775,1951573,9240229440,4600,4845,4510,500,84823953,4.05034E+11
081660,휠라코리아,107000,0.00,0.00,107500,107000,23603,2534185000,107000,108500,106000,5000,11163014,1.19444E+12
005870,휴니드,6910,-440.00,-5.99,6920,6910,27993,198515870,7350,7360,6900,5000,10806015,74669563650
079980,휴비스,10900,-100.00,-0.91,10950,10900,125833,1362006050,10900,10950,10750,5000,34500000,3.7605E+11
005010,휴스틸,21950,450.00,2.09,21950,21750,14068,306927050,21800,21950,21500,5000,6918617,1.51864E+11
069260,휴켐스,24550,-200.00,-0.81,24550,24500,91553,2262416100,24750,25250,24300,1000,40878588,1.00357E+12
000540,흥국화재,4345,-35.00,-0.80,4345,4330,16503,71795295,4380,4385,4310,5000,64242645,2.79134E+11
003280,흥아해운,2680,0.00,0.00,2685,2680,602543,1618607660,2630,2735,2630,500,84713430,2.27032E+11
